"DESCRIPTION","DURATION IN MS","NAME","PARENT SUITE","START TIME","STATUS","STOP TIME","SUB SUITE","SUITE","TEST CLASS","TEST METHOD"
"⚠️ 消耗 1 条对话配额。

        **判据是""生成真的结束了"",不是""屏幕变了""**(2026-09-16 在如风上实测踩到):
        点完重写,先冒出来的全是过程文字 —— 被重新问一遍的问题气泡、「加载中,请稍等」、
        「暂停」按钮 —— 原来那个""等 2 秒看有没有 3 条新文字""的判据当场就满足,
        于是截图拍到的是「加载中」、重写结果一个字都没进画面,用例却报绿(假绿 ✗)。

        现在分两段等:
        ① 等它**进入**生成态(20s 没进去 = 这一下点空了,单独报错,别赖生成慢);
        ② 等""生成中""字样**消失**并且回复内容确实变了。

        ⚠️ **`> 3` 这个阈值是风数量出来的,景曜还没验**。风数实测增量只有 4,
        其中还掺着状态栏那个一直在变的网速数字,**余量只有 1** —— 单跑短会话时会误报。
        景曜大概率同款。整批跑时有 `test_jingyao_chat.py` 的长回复垫着不会出问题;
        **单跑本文件**时这条会话可能很短,届时报""重写结果还没出来""先看截图:
        重写确实完成了就把阈值调到 `> 2`。
        ⚠️ 顺带:风数实测它的重写是**追加**(不是原地替换)—— 重新问一遍、
        旧回复留在上面、下面新增一个时间戳 + 新回复。景曜没验,看截图确认。","0","消息工具栏-重写(重新生成,回复内容变了)","case.mini.jingyao","2026-10-11","broken","2026-10-11","TestJingyaoToolbar","test_jingyao_toolbar","",""
"填好(或故意留空)→ 点登录 → 断言:
        ① 没登进去 ② **expect 里要求的那句提示出现了**(没出现就是红 —— 产品 bug)

        整批跑的时候前面那条入口用例(删最近使用 → 我的小程序 → 打开)已经把页面
        带到登录页了;单独跑这个文件时账号可能是登录态,那就自己退出来再走到登录页。

        ⚠️ 「密码错误」那条对真账号是一次真实失败尝试,一轮只跑一次。","0","登录失败-手机号为空","case.mini.rufeng","2026-10-11","broken","2026-10-11","TestRufengMiniLogin","test_rufeng_mini_login","",""
"","0","关键词标题输入关键词","case.mini.xingcan","2026-10-11","broken","2026-10-11","TestXingcanCreate","test_xingcan_create","",""
"接着上一条的状态(还在快捷模式、协议已勾)→ 点「一键快捷登录」→
        (第一次弹隐私指引,点同意)→ 微信「获取手机号」面板 → **点手机号卡片 = 允许**
        → 进首页。

        ⚠️ 那个面板上**没有「允许」按钮**,点手机号卡片才是允许;下面那个是「不允许」。
        ⚠️ 面板**只有""小程序被删过、重进""的第一次才弹** —— 整批第一步就是删小程序 ✓","0","快捷登录-微信一键登录(点手机号卡片授权)","case.mini.jingyao","2026-10-11","broken","2026-10-11","TestJingyaoMiniLogin","test_jingyao_mini_login","",""
"接着上一条的状态(还在快捷模式、协议已勾)→ 点「一键快捷登录」→
        (第一次弹隐私指引,点同意)→ 微信「获取手机号」面板 → **点手机号卡片 = 允许**
        → 进首页。

        ⚠️ 那个面板上**没有「允许」按钮**,点手机号卡片才是允许;下面那个是「不允许」。
        ⚠️ 面板**只有""小程序被删过、重进""的第一次才弹** —— 整批第一步就是删小程序 ✓","0","快捷登录-微信一键登录(点手机号卡片授权)","case.mini.xingyun","2026-10-11","broken","2026-10-11","TestXingyunMiniLogin","test_xingyun_mini_login","",""
"上一条刚登录成功,这条把账号退出来。

        ⚠️ **各家退出来落在哪不一样**(2026-09-18 实测):
        各家退出来落在哪不一样(如风/云泽退回首页、星云智点直接落在登录页)—— 所以断言只看
        ""没登录态了""这个共同点,不假设停在哪一页。⚠️ **知微落在哪还没实测**,但这条
        本来就不依赖它 ✓","0","退出登录-退出后「我的」页变成登出态","case.mini.zhiwei","2026-10-11","broken","2026-10-11","TestZhiweiMiniLogin","test_zhiwei_mini_login","",""
"实测(2026-09-18 星云):填「0000」点登录 → **「验证码错误！」** ✓
        (要先有一个""已发码""的上下文,服务端才走""码错""这条分支)

        ⚠️ 这条会**发一条短信**;顺手把真码的""排旧""信息存着,给下一条复用(一轮只发一条)。","0","验证码登录-验证码填错提示「验证码错误！」","case.mini.xingcan","2026-10-11","broken","2026-10-11","TestXingcanMiniLogin","test_xingcan_mini_login","",""
"按数据摆好输入 → 点登录 → 断言:
        ① 没登进去 ② **expect 里要求的那句提示出现了**(没出现就是红 —— 产品 bug)

        「手机号为空」「密码为空」这两条 expect 是空的:如风自己也没给提示,
        没有文案可以断言,所以只断言没登进去(用户 2026-09-18 定)。","0","登录失败-密码错误","case.mini.yunze","2026-10-11","broken","2026-10-11","TestYunzeMiniLogin","test_yunze_mini_login","",""
"","0","产品描述输入产品名称并生成","case.mini.fengshu","2026-10-11","broken","2026-10-11","TestFengshuCreate","test_fengshu_create","",""
"","0","淘宝好评-生成结果","case.mini.zhiwei","2026-10-11","broken","2026-10-11","TestZhiweiSkill","test_zhiwei_skill","",""
"按数据摆好输入 → 点登录 → 断言:
        ① 没登进去 ② **expect 里要求的那句提示出现了**(没出现就是红 —— 产品 bug)

        「手机号为空」「密码为空」这两条 expect 是空的:如风自己也没给提示,
        没有文案可以断言,所以只断言没登进去(用户 2026-09-18 定)。","0","登录失败-手机号位数多","case.mini.xingcan","2026-10-11","broken","2026-10-11","TestXingcanMiniLogin","test_xingcan_mini_login","",""
"⚠️ 消耗 1 条对话配额。

        **判据是""生成真的结束了"",不是""屏幕变了""**(2026-09-16 在如风上实测踩到):
        点完重写,先冒出来的全是过程文字 —— 被重新问一遍的问题气泡、「加载中,请稍等」、
        「暂停」按钮 —— 原来那个""等 2 秒看有没有 3 条新文字""的判据当场就满足,
        于是截图拍到的是「加载中」、重写结果一个字都没进画面,用例却报绿(假绿 ✗)。

        现在分两段等:
        ① 等它**进入**生成态(20s 没进去 = 这一下点空了,单独报错,别赖生成慢);
        ② 等""生成中""字样**消失**并且回复内容确实变了。

        ⚠️ **`> 3` 这个阈值是如风调出来的,云泽 2026-09-28 实测也适用**(云泽的重写
        同样**不是原地替换**:把问题重新问一遍,旧回复留在上面,下面新增一个提问气泡
        + 新回复,所以""新冒出来的文字条数""是个好信号)。
        **星灿智话 2026-09-28 也验过了,阈值同样成立 ✓**(那条跑了 11.9s:
        进生成态 6.9s + 等结束 4.3s)。真要是报""重写结果还没出来"",先看截图:
        重写只要确实完成了,就把阈值调小。","0","消息工具栏-重写(重新生成,回复内容变了)","case.mini.xingcan","2026-10-11","broken","2026-10-11","TestXingcanToolbar","test_xingcan_toolbar","",""
"「去开通」那条路:会员中心 → 选【连续包月会员 ￥39.9/1个月】→ 勾同意 →
        立即支付 → 确认办理 → 收银台(不付款)","0","个人中心-会员「去开通」选连续包月会员(走到收银台,不付款)","case.mini.fengshu","2026-10-11","broken","2026-10-11","TestFengshuVip","test_fengshu_vip","",""
"详情页「创作」,字段 `职位名称`/`工作内容`(**两个都不带星**,2026-09-30 探针实测;
        星灿那边带星 —— 照抄会找不到 ✗);「*生成类型」(汇总/日报/周报/月报)
        是**选项控件**,用 taps 点掉「日报」","0","周报日报输入职位与工作内容并立即生成","case.mini.xinglian","2026-10-11","broken","2026-10-11","TestXinglianCreate","test_xinglian_create","",""
"实测(2026-09-18 如风/星云):填「12」点登录 → **「验证码长度不符合」** ✓","0","验证码登录-验证码位数不对提示「验证码长度不符合」","case.mini.zhiwei","2026-10-11","broken","2026-10-11","TestZhiweiMiniLogin","test_zhiwei_mini_login","",""
"","0","菜谱大全输入菜品名称并生成","case.mini.yunze","2026-10-11","broken","2026-10-11","TestYunzeCreate","test_yunze_create","",""
"我的 → 1元1天 → 会员中心 → 选【一元套餐】1元体验 → 勾同意 →
        立即支付 → 确认办理 → 收银台 → 退出

        报告里:「选择【一元套餐】1元体验」那步附 `yunze_vip_package.png`
        (套餐卡片 + 金额),翻报告时一眼能看出""点的是不是一元套餐、金额对不对"" ✓","0","我的-1元会员支付链路(走到收银台,不付款)","case.mini.yunze","2026-10-11","skipped","2026-10-11","TestYunzeVip","test_yunze_vip","",""
"实测(2026-09-18 星云):验证码留空点登录 → **一个字都没有**(不校验提示,
        和「密码为空」一个口径)。只断言没登进去。","0","验证码登录-验证码为空点登录无提示","case.mini.xingcan","2026-10-11","broken","2026-10-11","TestXingcanMiniLogin","test_xingcan_mini_login","",""
"上一条刚退出登录,这条点首页的输入框 —— 用户 2026-09-17 说明的产品行为:
        **未登录时点输入框不会聚焦输入,而是整页跳到登录页**。

        ⚠️ 星云退出后**直接就在登录页**上(见上一条),那就没有""登出状态的首页""可点
        —— 这条跳过(不是失败)。","0","未登录时点首页输入框会直接跳到登录页","case.mini.jingyao","2026-10-11","broken","2026-10-11","TestJingyaoMiniLogin","test_jingyao_mini_login","",""
"技能页点「立即生成」会跳到「创作记录」列表页 —— 和云泽那边一样,
        **不等生成完成**(记录页只是进度展示,结果不在这页看),
        确认跳过去了就截图、然后返回列表","0","AI绘画输入描述词并立即生成","case.mini.xingcan","2026-10-11","broken","2026-10-11","TestXingcanSkill","test_xingcan_skill","",""
"按数据摆好输入 → 点登录 → **只断言""没登进去""**

        ⚠️ **提示文案不断言**(用户 2026-09-24 定):""不用去分别对不对,只要错误的
        没登进去,然后具体的提示词我去报告里自己看就行"" —— 抓到的文字原样 attach 进
        报告,人工核对。**和小程序那套(""该给的提示没给 = 红"")口径不同,是有意为之。**
        好处:产品文案怎么改都不会造成假红 ✓ 而且提示是不是该给,看报告一眼就知道。

        H5 的提示是 uni-app 的 toast,和页面一样进无障碍树 —— 但只活约 1 秒,
        所以**点完立刻截图 + 读一次当前文字**,不去连拍。","0","登录失败-手机号位数多","case.h5.yunze","2026-10-11","broken","2026-10-11","TestYunzeH5Login","test_yunze_h5_login","",""
"详情页「创作」,字段 `*菜品名称`","0","菜谱大全输入菜品名称并立即生成","case.mini.xinglian","2026-10-11","broken","2026-10-11","TestXinglianCreate","test_xinglian_create","",""
"AI绘画只跑这一条,16:9 / 9:16 那两条已删(2026-09-14 用户要求)。

        原因:三个比例走的是**同一条生成链路**,各跑一遍没有额外覆盖;
        而且**同一个应用上一次任务还在生成时,再点「立即生成」会被产品拦下**
        (提示「上一次AI任务正在生成中」),连跑必然失败 —— 实测就是这个原因
        表现成""点了按钮页面没反应"",一度被误判成 webview 吞点击。","0","AI绘画-图片比例1:1-生成结果","case.mini.zhiwei","2026-10-11","broken","2026-10-11","TestZhiweiDrawing","test_zhiwei_apps","",""
"上一条刚登录成功,这条把账号退出来。

        ⚠️ **各家退出来落在哪不一样**(2026-09-18 实测):
        如风/风数秒问退回**首页**;星云智点**直接落在登录页** —— 所以断言只看
        ""没登录态了""这个共同点,不假设停在哪一页。","0","退出登录-退出后「我的」页变成登出态","case.mini.fengshu","2026-10-11","broken","2026-10-11","TestFengshuMiniLogin","test_fengshu_mini_login","",""
"点「AI绘画」→ 详情页标题是「**景曜绘画**」(不是卡片名)→
        填 `*描述词` → 点「立即生成」跳到创作记录页 → 截图 → 返回技能页","0","AI绘画输入描述词并立即生成","case.mini.jingyao","2026-10-11","broken","2026-10-11","TestJingyaoSkill","test_jingyao_skill","",""
"点「AI视频」(视频生成那张卡)→ 详情页「视频生成」→ 填视频场景
        → 点「立即生成」(跳记录页,不等生成完成)→ 截图 → 返回列表","0","AI视频输入视频场景并立即生成","case.mini.rufeng","2026-10-11","broken","2026-10-11","TestRufengMiniSkill","test_rufeng_mini_skill","",""
"","0","个性签名输入要求","case.mini.xingcan","2026-10-11","broken","2026-10-11","TestXingcanCreate","test_xingcan_create","",""
"按数据摆好输入 → 点登录 → 断言:
        ① 没登进去 ② **expect 里要求的那句提示出现了**(没出现就是红 —— 产品 bug)

        「手机号为空」「密码为空」这两条 expect 是空的:如风自己也没给提示,
        没有文案可以断言,所以只断言没登进去(用户 2026-09-18 定)。","0","登录失败-密码错误","case.mini.jingyao","2026-10-11","broken","2026-10-11","TestJingyaoMiniLogin","test_jingyao_mini_login","",""
"详情页「创作」,三个字段 `*岗位名称`/`*工作成果简述`/`*字数要求`","0","工作总结岗位名称与成果并立即生成","case.mini.rufeng","2026-10-11","broken","2026-10-11","TestRufengMiniCreate","test_rufeng_mini_create","",""
"⚠️ 这页有**两段**:`*工作内容` 是输入框,`*生成类型` 是**选项行**
        (实测 `*生成类型` 在 y≈1357,在第一段下面单独一行)。

        ⚠️ **不能用共享的 `create_daily_report`** —— 那个方法把入口名硬编码成
        云泽/风数的名字了。用 `create_entry` 的 `taps` 参数点选项行
        (`taps` 排在 shot_name 后面,别传错位置)。
        点「日报」用 `tap_text(pick_bottom=True)`:页面标题「日报生成器」里也含「日报」,
        取最下面那个才是选项行里的 ✓

        ✅ **`*生成类型` 实测是选项行**(2026-10-09 实测,这条绿了):
        它就是风数「日报助手」那个同款控件 —— 一行胶囊,**不许当输入框填** ✗
        所以值走 `taps=(RIBAO_LEIXING,)`,由它去点「日报」那两个字
        (`create_entry` 里 taps 排在 shot_name 后面,别传错位置)。
        ⚠️ 页面上「日报」出现两处(标题「日报生成器」里也有),所以
        `tap_text` 得 `pick_bottom=True` 取最下面那个 ✓","0","日报生成器输入工作内容并生成","case.mini.jingyao","2026-10-11","broken","2026-10-11","TestJingyaoCreate","test_jingyao_create","",""
"详情页「创作」,字段 `*关键词`","0","朋友圈文案关键词并立即生成","case.mini.rufeng","2026-10-11","broken","2026-10-11","TestRufengMiniCreate","test_rufeng_mini_create","",""
"按数据摆好输入 → 点登录 → 断言:
        ① 没登进去 ② **expect 里要求的那句提示出现了**(没出现就是红 —— 产品 bug)

        「手机号为空」「密码为空」这两条 expect 是空的:如风自己也没给提示,
        没有文案可以断言,所以只断言没登进去(用户 2026-09-18 定)。","0","登录失败-密码错误","case.mini.xingcan","2026-10-11","broken","2026-10-11","TestXingcanMiniLogin","test_xingcan_mini_login","",""
"① 到微信的「小程序」面板 → ② 我的小程序 → ③ 点景曜智汇进入
        → ④ 断言确实进去了 → ⑤ 退出登录 → ⑥ 断言停在登录页。

        ⚠️ **没有""删除最近使用""** —— 见文件头。
        ⚠️ ⑤ 这一步**必须做**:登录文件要的是登出态,而这家不能靠删除拿到它。","0","入口-从「我的小程序」进入景曜智汇,退出登录后停在登录页","case.mini.jingyao","2026-10-11","broken","2026-10-11","TestJingyaoMiniEntry","test_jingyao_mini_entry","",""
"","0","广告文案输入产品要求","case.mini.xingcan","2026-10-11","broken","2026-10-11","TestXingcanCreate","test_xingcan_create","",""
"接着上一条的状态(还在快捷模式、协议已勾)→ 点「一键快捷登录」→
        (第一次弹隐私指引,点同意)→ 微信「获取手机号」面板 → **点手机号卡片 = 允许**
        → 进首页。

        ⚠️ 那个面板上**没有「允许」按钮**,点手机号卡片才是允许;下面那个是「不允许」。
        ⚠️ 面板**只有""小程序被删过、重进""的第一次才弹** —— 整批第一步就是删小程序 ✓","0","快捷登录-微信一键登录(点手机号卡片授权)","case.mini.fengshu","2026-10-11","broken","2026-10-11","TestFengshuMiniLogin","test_fengshu_mini_login","",""
"","0","产品描述-生成结果","case.mini.zhiwei","2026-10-11","broken","2026-10-11","TestZhiweiSkill","test_zhiwei_skill","",""
"详情页「创作」,字段 `*餐品名称`","0","外卖好评餐品名称并立即查询","case.mini.xingyun","2026-10-11","broken","2026-10-11","TestXingyunCreate","test_xingyun_create","",""
"上一条刚登录成功,这条把账号退出来。

        ⚠️ **各家退出来落在哪不一样**(2026-09-18 实测):
        如风/星联退回**首页**;星云智点**直接落在登录页** —— 所以断言只看
        ""没登录态了""这个共同点,不假设停在哪一页。","0","退出登录-退出后「我的」页变成登出态","case.mini.xinglian","2026-10-11","broken","2026-10-11","TestXinglianMiniLogin","test_xinglian_mini_login","",""
"三字段页。注意星灿的「*工作成果简述」**带星号**(必填),云泽那个不带 ——
        照抄云泽的标签会找不到。字数要求是第三个输入框(y≈1805),
        fill_field 的校验条带已放宽到 2100 才覆盖得到","0","工作总结输入岗位、成果与字数要求","case.mini.xingcan","2026-10-11","broken","2026-10-11","TestXingcanCreate","test_xingcan_create","",""
"底部 tab 是导航的正路(百度这边它们在无障碍树里;Chrome 那边读不到)","0","首页-底部 4 个 tab 都在,且点得动","case.h5.yunze","2026-10-11","broken","2026-10-11","TestYunzeH5Home","test_yunze_h5_home","",""
"接着上一条的状态(还在快捷模式、协议已勾)→ 点「一键快捷登录」→
        (第一次弹隐私指引,点同意)→ 微信「获取手机号」面板 → **点手机号卡片 = 允许**
        → 进首页。

        ⚠️ 那个面板上**没有「允许」按钮**,点手机号卡片才是允许;下面那个是「不允许」。
        ⚠️ 面板**只有""小程序被删过、重进""的第一次才弹** —— 整批第一步就是删小程序 ✓","0","快捷登录-微信一键登录(点手机号卡片授权)","case.mini.zhiwei","2026-10-11","broken","2026-10-11","TestZhiweiMiniLogin","test_zhiwei_mini_login","",""
"实测(2026-09-18 如风/星云):填「12」点登录 → **「验证码长度不符合」** ✓","0","验证码登录-验证码位数不对提示「验证码长度不符合」","case.mini.yunze","2026-10-11","broken","2026-10-11","TestYunzeMiniLogin","test_yunze_mini_login","",""
"① 到微信的「小程序」面板 → ② 最近使用 → ③ 长按删除云泽
        → ④ 断言它从列表消失 → ⑤ 返回面板 → ⑥ 我的小程序 → 进入
        → ⑦ 走「我的 → 登录/注册」到登录页并断言(云泽**不会自动跳登录页**)。","0","入口-最近使用里删除后仍可从我的小程序进入,并走「我的」到登录页","case.mini.xingyun","2026-10-11","broken","2026-10-11","TestXingyunMiniEntry","test_xingyun_mini_entry","",""
"实测(2026-09-18 星云):验证码留空点登录 → **一个字都没有**(不校验提示,
        和「密码为空」一个口径)。只断言没登进去。","0","验证码登录-验证码为空点登录无提示","case.mini.zhiwei","2026-10-11","broken","2026-10-11","TestZhiweiMiniLogin","test_zhiwei_mini_login","",""
"实测(2026-09-18 如风;星云同一模板待这条跑出来确认):
        填「12」点登录 → 页面提示**「验证码长度不符合」** ✓","0","验证码登录-验证码位数不对提示「验证码长度不符合」","case.mini.xingyun","2026-10-11","broken","2026-10-11","TestXingyunMiniLogin","test_xingyun_mini_login","",""
"零配额:点开海报 → 截图留证 → **点右上角 X 关掉**。
        (不能按返回键 —— 如风实测 back() 连按 3 次都回不来 ✗)

        **海报是现生成的,要等几十秒**(如风 2026-09-16 实测:点完先出「生成中」转圈浮层,
        十几秒后才出海报,只等 12s 会把已经点对的那次判成失败)。

        **等到确认海报真的开了**再往下走:不开就当场报错,别让后面那个
        ""关闭""动作去盲点坐标 —— 那个 X 和页面顶部「+」几乎重合,盲点会
        **新建会话,把当前对话搞没**(如风 2026-09-16 实测踩到)。","0","消息工具栏-生成海报","case.mini.xinglian","2026-10-11","broken","2026-10-11","TestXinglianToolbar","test_xinglian_toolbar","",""
"","0","工具栏-生成海报(生成海报)","case.h5.yunze","2026-10-11","broken","2026-10-11","TestYunzeH5Toolbar","test_yunze_h5_toolbar","",""
"点「AI音乐」(音乐生成那张卡)→ 详情页「音乐创作」→ 填两个字段
        → 立即生成 → 截图 → 返回","0","AI音乐输入歌曲名称与描述并立即生成","case.mini.xinglian","2026-10-11","broken","2026-10-11","TestXinglianSkill","test_xinglian_skill","",""
"","0","外卖好评输入餐品名称并生成","case.mini.fengshu","2026-10-11","broken","2026-10-11","TestFengshuCreate","test_fengshu_create","",""
"上一条刚退出登录,这条点首页的输入框 —— 用户 2026-09-17 说明的产品行为:
        **未登录时点输入框不会聚焦输入,而是整页跳到登录页**。

        ⚠️ 星云退出后**直接就在登录页**上(见上一条),那就没有""登出状态的首页""可点
        —— 这条跳过(不是失败)。","0","未登录时点首页输入框会直接跳到登录页","case.mini.zhiwei","2026-10-11","broken","2026-10-11","TestZhiweiMiniLogin","test_zhiwei_mini_login","",""
"⚠️ 消耗 2 条对话配额(「继续」是否额外消耗待实测确认)","0","AI问答-两轮问答(第1轮答完点继续续写,第2轮点加号新建会话)","case.mini.xingcan","2026-10-11","broken","2026-10-11","TestXingcanChat","test_xingcan_chat","",""
"按数据摆好输入 → 点登录 → 断言:
        ① 没登进去 ② **expect 里要求的那句提示出现了**(没出现就是红 —— 产品 bug)

        「手机号为空」「密码为空」这两条 expect 是空的:如风自己也没给提示,
        没有文案可以断言,所以只断言没登进去(用户 2026-09-18 定)。","0","登录失败-未勾协议","case.mini.yunze","2026-10-11","broken","2026-10-11","TestYunzeMiniLogin","test_yunze_mini_login","",""
"**一个入口一条**,和小程序那边同款(那边也是 14 个入口各一条)

        ⚠️ 填的文案按入口区分,直接复用小程序那份(`common/yunze_Constant.py`)——
        同一个产品,文案只该有一处;映射表在 `page_yunze_h5.py` 的 `CREATE_PROMPTS`。
        ⚠️ **每条消耗 1 条生成配额**(用户 2026-10-09 定的:走完整链路)。","0","创作-短视频脚本:填内容 → 生成 → 等出结果(每条消耗 1 条配额)","case.h5.yunze","2026-10-11","broken","2026-10-11","TestYunzeH5Create","test_yunze_h5_create","",""
"本来就空的话跳过 —— 清完还是空的,断言等于没验证","0","历史问答-清空记录后一条不剩","case.mini.yunze","2026-10-11","broken","2026-10-11","TestYunzeHistory","test_yunze_history_qa","",""
"详情页「创作」,字段 `*简要描述`","0","小红书文案输入简要描述并立即生成","case.mini.xinglian","2026-10-11","broken","2026-10-11","TestXinglianCreate","test_xinglian_create","",""
"① 到微信的「小程序」面板 → ② 最近使用 → ③ 长按删除知微
        → ④ 断言它从列表消失 → ⑤ 返回面板 → ⑥ 我的小程序 → 进入
        → ⑦ 到登录页并断言。

        ⚠️ 按用户 2026-10-08 写的规则(wxminizc.md),知微是「**删除后直接跳转到
        登录页**」那一档 —— 所以 ⑦ 多半一步不用做。但**""删了会不会清掉登录态""
        还没有实测结论**,两种都接住,并把实测到的那种打出来。","0","入口-最近使用里删除后仍可从我的小程序进入,并到登录页","case.mini.zhiwei","2026-10-11","broken","2026-10-11","TestZhiweiMiniEntry","test_zhiwei_mini_entry","",""
"","0","写作文输入作文题目并生成","case.mini.fengshu","2026-10-11","broken","2026-10-11","TestFengshuCreate","test_fengshu_create","",""
"","0","朋友圈文案输入关键词并生成","case.mini.fengshu","2026-10-11","broken","2026-10-11","TestFengshuCreate","test_fengshu_create","",""
"","0","广告文案输入产品要求并生成","case.mini.yunze","2026-10-11","broken","2026-10-11","TestYunzeCreate","test_yunze_create","",""
"完整链路:点输入框 → 注入提示词 → 点发送 → 断言消息上屏,截图留证。
        输入栏和云泽一致(占位「想问我什么?」),所以沿用那套按边距反推的坐标。","0","首页输入提示词点击发送","case.mini.xinglian","2026-10-11","broken","2026-10-11","TestXinglianHome","test_xinglian_home","",""
"我的 →「1元1天」→ 会员中心 → **点套餐卡** → 勾同意 →
        立即支付 →(有确认页就点确认)→ 收银台 → 退出

        ⚠️ **必须点套餐卡**(`package=VIP_PKG_ONE_YUAN`),不能像风数那样传 `None`:
        这家的卡进来时**没选中** —— 不点就点「立即支付」的话,页面**纹丝不动**,
        只弹一个活 1~2 秒的「请选择会员套餐」,用例等到 20s 后报
        「既没出现确认办理、也没有任何报错提示」,看着像按钮坏了 ✗
        (2026-10-09 用 `_probe_jingyao_vip3.py` 点完每 1.2s 连拍才抓到这个 toast)

        金额靠 `jingyao_33_vip_package.png` 那张截图核对 ✓

        ⚠️ 走到收银台需要**登录态**(未登录时会员页会先跳登录)—— 整批跑没问题,
        FILE_ORDER 里 `test_jingyao_mini_login.py` 排在前面、最后一条会用真账号登回去。","0","个人中心-1元会员支付链路(走到收银台,不付款)","case.mini.jingyao","2026-10-11","broken","2026-10-11","TestJingyaoVip","test_jingyao_vip","",""
"⚠️ **H5 登录成功后落在「首页」,不是小程序那样的「我的」页**(实测)——
        所以断言要**切去「我的」页**看手机号掩码,不能原地等。","0","登录-正确的手机号密码能登进去","case.h5.yunze","2026-10-11","broken","2026-10-11","TestYunzeH5Login","test_yunze_h5_login","",""
"","0","淘宝好评输入商品名称和卖点并生成","case.mini.yunze","2026-10-11","broken","2026-10-11","TestYunzeCreate","test_yunze_create","",""
"上一条刚退出登录,这条点首页的输入框 —— 用户 2026-09-17 说明的产品行为:
        **未登录时点输入框不会聚焦输入,而是整页跳到登录页**。

        ⚠️ 星云退出后**直接就在登录页**上(见上一条),那就没有""登出状态的首页""可点
        —— 这条跳过(不是失败)。","0","未登录时点首页输入框会直接跳到登录页","case.mini.xingyun","2026-10-11","broken","2026-10-11","TestXingyunMiniLogin","test_xingyun_mini_login","",""
"我的 →「立即开通」→ 会员中心 → 选【连续包月 ￥49.8/个月】→ 勾同意 →
        立即支付 → 确认办理 → 收银台(不付款)

        和上一条是**同一个会员页、不同套餐** —— 两条一起看才分得清
        ""某一个套餐开不通""还是""整条链路坏了"" ✓","0","我的-会员「立即开通」选连续包月(走到收银台,不付款)","case.mini.xinglian","2026-10-11","broken","2026-10-11","TestXinglianVip","test_xinglian_vip","",""
"实测(2026-09-18 星云):点了**没有任何提示,也没有倒计时** —— 也就是没发短信 ✓
        (行为本身对:没手机号不该发码)。只断言""没出现倒计时"",不校验提示
        —— 和「手机号为空」那两条口径一致:没有文案可断言。","0","验证码登录-手机号没填就点「获取验证码」不发码","case.mini.zhiwei","2026-10-11","broken","2026-10-11","TestZhiweiMiniLogin","test_zhiwei_mini_login","",""
"","0","翻译助手-生成结果","case.mini.zhiwei","2026-10-11","broken","2026-10-11","TestZhiweiSkill","test_zhiwei_skill","",""
"实测(2026-09-18):**点了没有任何提示,也没有倒计时** —— 也就是没发短信 ✓
        (这条行为本身是对的:没手机号不该发码)。只断言""没出现倒计时""、不校验提示
        —— 和「手机号为空」那两条口径一致:没有文案可断言。","0","验证码登录-手机号没填就点「获取验证码」不发码","case.mini.rufeng","2026-10-11","broken","2026-10-11","TestRufengMiniLogin","test_rufeng_mini_login","",""
"详情页「创作」,字段 `*视频主题`","0","短视频脚本视频主题并立即查询","case.mini.xingyun","2026-10-11","broken","2026-10-11","TestXingyunCreate","test_xingyun_create","",""
"上一条刚登录成功,这条把账号退出来。

        ⚠️ **各家退出来落在哪不一样**(2026-09-18 实测):
        如风/云泽退回**首页**;星云智点**直接落在登录页** —— 所以断言只看
        ""没登录态了""这个共同点,不假设停在哪一页。","0","退出登录-退出后「我的」页变成登出态","case.mini.xingyun","2026-10-11","broken","2026-10-11","TestXingyunMiniLogin","test_xingyun_mini_login","",""
"实测(2026-09-18 如风/星云):填「12」点登录 → **「验证码长度不符合」** ✓","0","验证码登录-验证码位数不对提示「验证码长度不符合」","case.mini.fengshu","2026-10-11","broken","2026-10-11","TestFengshuMiniLogin","test_fengshu_mini_login","",""
"","0","电影推荐输入电影主题并生成","case.mini.fengshu","2026-10-11","broken","2026-10-11","TestFengshuCreate","test_fengshu_create","",""
"按数据摆好输入 → 点登录 → 断言:
        ① 没登进去 ② **expect 里要求的那句提示出现了**(没出现就是红 —— 产品 bug)

        「手机号为空」「密码为空」这两条 expect 是空的:如风自己也没给提示,
        没有文案可以断言,所以只断言没登进去(用户 2026-09-18 定)。","0","登录失败-手机号未注册","case.mini.jingyao","2026-10-11","broken","2026-10-11","TestJingyaoMiniLogin","test_jingyao_mini_login","",""
"校验首页(判据见 `PageJingyao.HOME_MARKS` —— 目前只有「想问我什么？」一条)。

        ⚠️ **开头必须先切回首页**:登录走的是「我的 → 未登录」那条路,
        **登完停在哪一页各家不一样** —— 景曜实测停在 **AI创作页**(不是首页),
        不切就直接发,第一下会点到创作页的入口上 ✗
        (云泽那边踩过同一个坑,见 test_yunze_chat.py 的 on_home_tab)

        ⚠️ **首页判据只有一条,而且是个占位符**(2026-10-08 记的遗留风险):
        「想问我什么？」在**输入框有字时就不见了**。这条用例能过是因为跑到这儿时
        框都还空着。真要在输入框非空时判首页,得先补第二条常驻判据
        (⚠️ 不能用「景曜智汇」「我们一起发掘创作」—— 那两行 **AI创作页上也各有一份**;
        也不能用首页那三个胶囊名,AI创作页同样有)。","0","进入小程序后首页正常展示","case.mini.jingyao","2026-10-11","broken","2026-10-11","TestJingyaoHome","test_jingyao_home","",""
"上一条刚退出登录,这条点首页的输入框 —— 用户 2026-09-17 说明的产品行为:
        **未登录时点输入框不会聚焦输入,而是整页跳到登录页**。

        ⚠️ 星云退出后**直接就在登录页**上(见上一条),那就没有""登出状态的首页""可点
        —— 这条跳过(不是失败)。","0","未登录时点首页输入框会直接跳到登录页","case.mini.fengshu","2026-10-11","broken","2026-10-11","TestFengshuMiniLogin","test_fengshu_mini_login","",""
"零配额:只是点收藏,不触发生成。

        **必须排在重写后面**(用户 2026-09-16 要求):重写会把这条消息重新生成一遍,
        原来那条上的收藏会被一起吞掉 —— 收藏在前时「我的收藏」页面整个是空的。

        **判据看星的颜色,不看 OCR 认没认出 `★`**(如风 2026-09-16 实测踩到):
        收藏成功后星是金色实心块,**OCR 经常整块丢掉** —— 字符串里既没 ★ 也没 ☆,
        截图里星明明是金的,用例却判红。所以不靠文字,直接数金色像素
        (`page_yunze_home.favorite_is_on`)。","0","消息工具栏-收藏(星变金色实心)","case.mini.yunze","2026-10-11","broken","2026-10-11","TestYunzeToolbar","test_yunze_toolbar","",""
"这条是后面 9 条的前提:① 已登录就先退出 ② 走到登录页(走「我的 → 登录/注册」;
        云泽**不会自动跳登录页** —— 用户 2026-09-18 亲口说明,实测也确认了)。
        失败的话后面全部跳过,不会连锁报一堆假失败。

        **已经在登录页就什么都不做**:整批跑的时候前面那条入口用例(删最近使用 →
        重进 → 我的 → 登录页)已经把我们带到登录页了,这里再""退出登录 + 导航""一遍
        反而会切走页面、白花时间。","0","登录页-先把账号退出来并走到登录页","case.mini.yunze","2026-10-11","broken","2026-10-11","TestYunzeMiniLogin","test_yunze_mini_login","",""
"按数据摆好输入 → 点登录 → 断言:
        ① 没登进去 ② **expect 里要求的那句提示出现了**(没出现就是红 —— 产品 bug)

        「手机号为空」「密码为空」这两条 expect 是空的:如风自己也没给提示,
        没有文案可以断言,所以只断言没登进去(用户 2026-09-18 定)。","0","登录失败-手机号含字母","case.mini.xingyun","2026-10-11","broken","2026-10-11","TestXingyunMiniLogin","test_xingyun_mini_login","",""
"用真账号登一次:① 验证成功路径通 ② **保证跑完这批是登录态**,
        后面的首页/技能/创作用例才有得跑(风数秒问登出状态下生成次数是 0)。","0","登录-正确的手机号密码能登进去","case.mini.fengshu","2026-10-11","broken","2026-10-11","TestFengshuMiniLogin","test_fengshu_mini_login","",""
"⚠️ **这条是给整批跑兜底的,别删**(2026-09-28 补)。

        上一条(test_05)验的是""未登录时点首页输入框跳登录页""——**跑完人停在登录页、
        账号是登出状态**。而整批里排在登录后面的首页/技能/创作/vip **全都需要登录态**
        (这套用例自己的注释就写着""登出状态下生成次数是 0""),不补这一条就是整批一起红 ✗。

        ⚠️ **知微这条是跟着云泽那份一起带过来的**:云泽那份 2026-09-28 才补上
        (2026-09-21 修这问题时星灿/星联都补了、云泽漏了 7 天,`-m yunze` 从登录之后
        整批断掉 24 条)。知微是新建的文件,一开始就带上,不会踩同一个坑 ✓

        ⚠️ **别指望""重新拉起微信""能替代这条**:`forceAppLaunch` 重启的是**微信进程**,
        而登录态是**账号级**的(存在小程序自己的存储 / 服务端)—— 重启进程不会把人登回去。
        实测反证:登出状态下 `assert_home()` 照样能过,说明微信确实重新拉起过、页面依然是登出态。

        星云/如风天然没这个问题(它们最后一条是「快捷登录成功」),不用抄这条。

        ⚠️ 这里是 `if ... return` **不是 `pytest.skip`**:
        test_10(验证码登录成功)跑完**账号本来就是登录态的**,这条的活儿已经完成了
        —— 跳过是""没做"",return 是""不用做"",报告里不该记成跳过 ✓","0","收尾-把账号登回去(后面的用例都要登录态)","case.mini.zhiwei","2026-10-11","broken","2026-10-11","TestZhiweiMiniLogin","test_zhiwei_mini_login","",""
"⚠️ **判据看颜色**(树里读不到星标状态):点亮是金色实心星,没点是灰白空心。
        位置从「收藏」这个文字的 rect 推出来,**不写死坐标** ✓
        (2026-10-09 实测:点前后裁图对比过,灰 → 金)","0","工具栏-收藏(星标点亮;顺带给""我的收藏""造数据)","case.h5.yunze","2026-10-11","broken","2026-10-11","TestYunzeH5Toolbar","test_yunze_h5_toolbar","",""
"按数据摆好输入 → 点登录 → 断言:
        ① 没登进去 ② **expect 里要求的那句提示出现了**(没出现就是红 —— 产品 bug)

        「手机号为空」「密码为空」这两条 expect 是空的:如风自己也没给提示,
        没有文案可以断言,所以只断言没登进去(用户 2026-09-18 定)。","0","登录失败-手机号位数少","case.mini.jingyao","2026-10-11","broken","2026-10-11","TestJingyaoMiniLogin","test_jingyao_mini_login","",""
"用真码登进去。**优先复用上一条(验证码填错)刚发的码** —— 一轮只发一次;
        读不到才自己发一条。

        ⚠️ 每跑一次**真发一条短信**(费用算对方的),别连着刷。","0","验证码登录-获取短信验证码后登录成功","case.mini.yunze","2026-10-11","broken","2026-10-11","TestYunzeMiniLogin","test_yunze_mini_login","",""
"详情页「创作」,字段 `*作文题目`","0","写作文作文题目并立即生成","case.mini.rufeng","2026-10-11","broken","2026-10-11","TestRufengMiniCreate","test_rufeng_mini_create","",""
"","0","朋友圈文案输入关键词并生成","case.mini.yunze","2026-10-11","broken","2026-10-11","TestYunzeCreate","test_yunze_create","",""
"","0","工具栏-生成海报(生成海报)","case.h5.yuntu","2026-10-11","broken","2026-10-11","TestYuntuH5Toolbar","test_yuntu_h5_toolbar","",""
"零配额:只是点收藏,不触发生成。

        **必须排在重写后面**(用户 2026-09-16 要求):重写会把这条消息重新生成一遍,
        原来那条上的收藏会被一起吞掉 —— 收藏在前时「我的收藏」页面整个是空的。

        **判据看星的颜色,不看 OCR 认没认出 `★`**(如风 2026-09-16 实测踩到):
        收藏成功后星是金色实心块,**OCR 经常整块丢掉** —— 字符串里既没 ★ 也没 ☆,
        截图里星明明是金的,用例却判红。所以不靠文字,直接数金色像素
        (`page_yunze_home.favorite_is_on`)。","0","消息工具栏-收藏(星变金色实心)","case.mini.xingcan","2026-10-11","broken","2026-10-11","TestXingcanToolbar","test_xingcan_toolbar","",""
"","0","电影推荐输入电影主题","case.mini.xingcan","2026-10-11","broken","2026-10-11","TestXingcanCreate","test_xingcan_create","",""
"⚠️ 未登录时进登录页有**两条**路(用户 2026-10-09 提的,实测都对):
          ①「我的 → 登录/注册」(上面 test_01 走的就是它)
          ②**点首页那个输入框** —— 也会被直接拉过去

        和小程序那边同名用例(`test_yunze_mini_login.py`)一个口径。
        ⚠️ 前提是**没登录**:已登录时点它只是聚焦输入框,不会跳。
        ⚠️ 所以这条排在 test_02(登录失败)之后、test_04(登录成功)之前 ——
        那会儿正好是登出态,而且不会把登录态提前弄成""已登录""。","0","未登录时点首页输入框会直接跳到登录页","case.h5.yunze","2026-10-11","broken","2026-10-11","TestYunzeH5Login","test_yunze_h5_login","",""
"取消**第一条**(用户 2026-09-16 要求:只取消一条,不是清空全部)","0","我的收藏-取消一条收藏后列表条目减少","case.mini.jingyao","2026-10-11","broken","2026-10-11","TestJingyaoMine","test_jingyao_mine","",""
"本来就空的话跳过 —— 删完还是空的,断言等于没验证","0","历史对话-逐条删除会话直到清空","case.mini.xingyun","2026-10-11","broken","2026-10-11","TestXingyunHistory","test_xingyun_history_qa","",""
"","0","外卖好评输入餐品名称并生成","case.mini.yunze","2026-10-11","broken","2026-10-11","TestYunzeCreate","test_yunze_create","",""
"列表本来就空的话跳过 —— 删完还是空的,断言等于没验证","0","历史对话-逐条删除会话直到清空","case.mini.rufeng","2026-10-11","broken","2026-10-11","TestRufengMiniHistory","test_rufeng_mini_history_qa","",""
"「去开通」→ 会员中心 → 选【连续包月 ￥49.8/个月】→ 勾同意 → 立即支付 →
        确认办理 → 收银台(不付款)

        和上一条是**同一个会员页、不同套餐** —— 两条一起看,报告里才分得清
        是""某一个套餐开不通""还是""整条支付链路坏了"" ✓
        (云泽的「连续包月」就是开不通的那个,这条对照才显出用处)","0","我的-会员「去开通」选连续包月(走到收银台,不付款)","case.mini.xingcan","2026-10-11","broken","2026-10-11","TestXingcanVip","test_xingcan_vip","",""
"点「AI视频」→ 详情页标题「**视频生成**」→ 填 `*视频场景` →
        点「立即生成」跳记录页 → 截图 → 返回技能页

        ⚠️ 这页下面还有一行选项 `生成尺寸 16:9`(**默认就选中了**)——
        **不点它**(和创作那边必须点 `*生成类型` 是两回事:这个默认对)。","0","AI视频输入视频场景并立即生成","case.mini.jingyao","2026-10-11","broken","2026-10-11","TestJingyaoSkill","test_jingyao_skill","",""
"详情页「创作」,字段 `*工作内容`+`*生成类型`(选项字段,点掉「日报」)。
        **不能复用云泽的 create_daily_report** —— 那个里面写死了入口名
        「日报生成器」,这家的叫「日报小助手」","0","日报小助手工作内容并立即查询","case.mini.xingyun","2026-10-11","broken","2026-10-11","TestXingyunCreate","test_xingyun_create","",""
"","0","工具栏-重写(重新生成,回复内容变了)","case.h5.yuntu","2026-10-11","broken","2026-10-11","TestYuntuH5Toolbar","test_yuntu_h5_toolbar","",""
"实测(2026-09-18):验证码留空点登录 → **一个字都没有**(不校验提示,
        和「密码为空」一个口径)。只断言没登进去。","0","验证码登录-验证码为空点登录无提示","case.mini.xingyun","2026-10-11","broken","2026-10-11","TestXingyunMiniLogin","test_xingyun_mini_login","",""
"实测(2026-09-18 如风/星云):填「12」点登录 → **「验证码长度不符合」** ✓","0","验证码登录-验证码位数不对提示「验证码长度不符合」","case.mini.xinglian","2026-10-11","broken","2026-10-11","TestXinglianMiniLogin","test_xinglian_mini_login","",""
"按数据摆好输入 → 点登录 → 断言:
        ① 没登进去 ② **expect 里要求的那句提示出现了**(没出现就是红 —— 产品 bug)

        「手机号为空」「密码为空」这两条 expect 是空的:如风自己也没给提示,
        没有文案可以断言,所以只断言没登进去(用户 2026-09-18 定)。","0","登录失败-手机号位数多","case.mini.zhiwei","2026-10-11","broken","2026-10-11","TestZhiweiMiniLogin","test_zhiwei_mini_login","",""
"**一个入口一条**,和小程序那边同款(那边也是 14 个入口各一条)

        ⚠️ 填的文案按入口区分,直接复用小程序那份(`common/yunze_Constant.py`)——
        同一个产品,文案只该有一处;映射表在 `page_yuntu_h5.py` 的 `CREATE_PROMPTS`。
        ⚠️ **每条消耗 1 条生成配额**(用户 2026-10-09 定的:走完整链路)。","0","创作-工作总结:填内容 → 生成 → 等出结果(每条消耗 1 条配额)","case.h5.yuntu","2026-10-11","broken","2026-10-11","TestYuntuH5Create","test_yuntu_h5_create","",""
"菜谱大全:先做「鱼香肉丝」→ 退出(create_entry 自己会退回列表 ✓)
        → 再进同一个入口,改成「西红柿炒鸡蛋」→ 生成 → **结果必须是西红柿炒鸡蛋**。

        ⚠️ 断言必须**在详情页上、生成完立刻做** —— `create_entry` 生成完会自己退回
        列表 ✗,在外面再 OCR 读到的是列表页(2026-09-20 实测:报""找不到西红柿/鸡蛋"",
        打印出来的屏幕文字全是列表里的别的入口 ✗)。所以第二条用 `_entry_flow` 包住,
        在这一步里断言 ✓。

        ⚠️ **正向断言是关键**(用户 2026-09-20 实测报的 bug:问的是鱼香肉丝,结果却是
        上一条的西红柿炒鸡蛋)—— 光断言""没有鱼香""抓不到这种情况 ✗。","0","创作-退出重进换提示词,结果是新的(菜谱大全)","case.mini.rufeng","2026-10-11","broken","2026-10-11","TestRufengMiniCreate","test_rufeng_mini_create","",""
"实测(2026-09-18 星云):填「0000」点登录 → **「验证码错误！」** ✓
        (要先有一个""已发码""的上下文,服务端才走""码错""这条分支)

        ⚠️ 这条会**发一条短信**;顺手把真码的""排旧""信息存着,给下一条复用(一轮只发一条)。","0","验证码登录-验证码填错提示「验证码错误！」","case.mini.zhiwei","2026-10-11","broken","2026-10-11","TestZhiweiMiniLogin","test_zhiwei_mini_login","",""
"","0","进入技能列表","case.mini.zhiwei","2026-10-11","broken","2026-10-11","TestZhiweiSkill","test_zhiwei_skill","",""
"⚠️ 消耗 1 条对话配额。

        **判据是""生成真的结束了"",不是""屏幕变了""**(2026-09-16 在如风上实测踩到):
        点完重写,先冒出来的全是过程文字 —— 被重新问一遍的问题气泡、「加载中,请稍等」、
        「暂停」按钮 —— 原来那个""等 2 秒看有没有 3 条新文字""的判据当场就满足,
        于是截图拍到的是「加载中」、重写结果一个字都没进画面,用例却报绿(假绿 ✗)。

        现在分两段等:
        ① 等它**进入**生成态(20s 没进去 = 这一下点空了,单独报错,别赖生成慢);
        ② 等""生成中""字样**消失**并且回复内容确实变了。

        ⚠️ **`> 3` 这个阈值是如风调出来的,云泽 2026-09-28 实测也适用**(云泽的重写
        同样**不是原地替换**:把问题重新问一遍,旧回复留在上面,下面新增一个提问气泡
        + 新回复,所以""新冒出来的文字条数""是个好信号)。
        **星云智点 2026-09-28 也验过了,阈值同样成立 ✓**(那条跑了 11.9s:
        进生成态 6.9s + 等结束 4.3s)。真要是报""重写结果还没出来"",先看截图:
        重写只要确实完成了,就把阈值调小。","0","消息工具栏-重写(重新生成,回复内容变了)","case.mini.xingyun","2026-10-11","broken","2026-10-11","TestXingyunToolbar","test_xingyun_toolbar","",""
"实测(2026-09-18):填「0000」点登录 → **「验证码错误！」** ✓
        (要先有一个""已发码""的上下文,服务端才走""码错""这条分支)

        ⚠️ 这条会**发一条短信**;顺手把真码读出来存着,给下一条复用(一轮只发一条)。","0","验证码登录-验证码填错提示「验证码错误！」","case.mini.xingyun","2026-10-11","broken","2026-10-11","TestXingyunMiniLogin","test_xingyun_mini_login","",""
"我的 →「1元1天」→ 会员中心 →(用**页面默认选中**的那个套餐,不点卡)→
        勾同意 → 立即支付 → 确认办理 → 收银台(不付款)

        ⚠️ **这条是 2026-09-29 新加的、还没实测过**(探针只量了「去开通」那条)——
        星云的「1元1天」进去是哪个页面、默认选中的是不是 1元那个套餐,都还没看。
        真跑起来报错就看截图改(要么补上套餐名,要么说明这条入口不一样)。","0","我的-1元会员支付链路(走到收银台,不付款)","case.mini.xingyun","2026-10-11","broken","2026-10-11","TestXingyunVip","test_xingyun_vip","",""
"**一个入口一条**,和小程序那边同款(那边也是 14 个入口各一条)

        ⚠️ 填的文案按入口区分,直接复用小程序那份(`common/yunze_Constant.py`)——
        同一个产品,文案只该有一处;映射表在 `page_yunze_h5.py` 的 `CREATE_PROMPTS`。
        ⚠️ **每条消耗 1 条生成配额**(用户 2026-10-09 定的:走完整链路)。","0","创作-旅游计划:填内容 → 生成 → 等出结果(每条消耗 1 条配额)","case.h5.yunze","2026-10-11","broken","2026-10-11","TestYunzeH5Create","test_yunze_h5_create","",""
"点「AI绘画」→ 详情页「AI绘画」→ 填 `*描述词` → 立即生成 → 截图 → 返回","0","AI绘画输入描述词并立即生成","case.mini.xinglian","2026-10-11","broken","2026-10-11","TestXinglianSkill","test_xinglian_skill","",""
"① 从小程序退回微信面板 → ② 点「最近使用」→ ③ 长按删除如风智绘
        → ④ 断言它从最近使用列表消失 → ⑤ 返回面板 → ⑥ 点「我的小程序」→ 点名字进入
        → ⑦ 断言**进到了登录页**(登录态被这次删除清掉了,这正是后面登录用例的前提)。","0","入口-最近使用里删除后仍可从我的小程序进入","case.mini.rufeng","2026-10-11","broken","2026-10-11","TestRufengMiniEntry","test_rufeng_mini_entry","",""
"用户 2026-09-18 讲清的快捷登录行为(第一次:删过小程序再进来的那次):
        「已阅读」**不勾** → 点「一键快捷登录」→ **登录会失败**(登不进去)✓;
        勾上之后再点 → 隐私指引点同意 → 授权 → 才登进去。

        所以这条断言的是「**不勾协议就登不进去**」✓(行为是对的,绿)。
        收尾:把可能弹出来的授权面板关掉、协议勾上 —— **登入留给下一条**(省一次退出+登录)。","0","快捷登录-不勾协议登不进去(第一次删过小程序)","case.mini.jingyao","2026-10-11","broken","2026-10-11","TestJingyaoMiniLogin","test_jingyao_mini_login","",""
"实测(2026-09-18 星云):点了**没有任何提示,也没有倒计时** —— 也就是没发短信 ✓
        (行为本身对:没手机号不该发码)。只断言""没出现倒计时"",不校验提示
        —— 和「手机号为空」那两条口径一致:没有文案可断言。","0","验证码登录-手机号没填就点「获取验证码」不发码","case.mini.yunze","2026-10-11","broken","2026-10-11","TestYunzeMiniLogin","test_yunze_mini_login","",""
"详情页「创作」,字段 `*商品名称和卖点`","0","淘宝好评并立即生成","case.mini.rufeng","2026-10-11","broken","2026-10-11","TestRufengMiniCreate","test_rufeng_mini_create","",""
"实测(2026-09-18 星云):填「0000」点登录 → **「验证码错误！」** ✓
        (要先有一个""已发码""的上下文,服务端才走""码错""这条分支)

        ⚠️ 这条会**发一条短信**;顺手把真码的""排旧""信息存着,给下一条复用(一轮只发一条)。","0","验证码登录-验证码填错提示「验证码错误！」","case.mini.fengshu","2026-10-11","broken","2026-10-11","TestFengshuMiniLogin","test_fengshu_mini_login","",""
"多控件页:*地点 是文本输入;*语言输出 是**选项**(韩语/泰语/中文/英语),
        点选不是输入 —— 交给 create_entry 的 taps 参数","0","旅游计划输入地点并选语言","case.mini.xingcan","2026-10-11","broken","2026-10-11","TestXingcanCreate","test_xingcan_create","",""
"完整链路:点底部「技能」tab → 校验 AI音乐/AI视频/AI绘画 三个入口
        (find_text OCR 定位,分辨率自适应;找不到抛错),截图留证","0","技能tab展示三个AI入口","case.mini.yunze","2026-10-11","broken","2026-10-11","TestYunzeSkill","test_yunze_skill","",""
"","0","小红书文案输入简要描述并生成","case.mini.yunze","2026-10-11","broken","2026-10-11","TestYunzeCreate","test_yunze_create","",""
"① 到微信的「小程序」面板 → ② 最近使用 → ③ 长按删除星灿
        → ④ 断言它从列表消失 → ⑤ 返回面板 → ⑥ 我的小程序 → 进入
        → ⑦ 到登录页并断言。

        ⚠️ 按用户 2026-10-08 写的规则(wxminizc.md),星灿是「**删除后直接跳转到
        登录页**」那一档 —— 所以 ⑦ 多半一步不用做。但**""删了会不会清掉登录态""
        还没有实测结论**,所以这里两种都接住,并把实测到的那种打出来。","0","入口-最近使用里删除后仍可从我的小程序进入,并到登录页","case.mini.xingcan","2026-10-11","broken","2026-10-11","TestXingcanMiniEntry","test_xingcan_mini_entry","",""
"按数据摆好输入 → 点登录 → 断言:
        ① 没登进去 ② **expect 里要求的那句提示出现了**(没出现就是红 —— 产品 bug)

        「手机号为空」「密码为空」这两条 expect 是空的:如风自己也没给提示,
        没有文案可以断言,所以只断言没登进去(用户 2026-09-18 定)。","0","登录失败-密码为空","case.mini.xingyun","2026-10-11","broken","2026-10-11","TestXingyunMiniLogin","test_xingyun_mini_login","",""
"","0","电影推荐-生成结果","case.mini.zhiwei","2026-10-11","broken","2026-10-11","TestZhiweiSkill","test_zhiwei_skill","",""
"上一条(快捷登录)跑完是登录状态,这条**先退出来,再用手机验证码登进去**。

        实测链路(2026-09-17 真机走通):
        我的 → 欢迎回来 → 退出登录 → 我的 → 登录/注册 → 登录页
        → 点「手机验证码登录」→ 填手机号 → **按压**「获取验证码」
        → 出现「58秒」倒计时(证明短信发出去了)→ 从通知里读到「您的验证码为1394」
        → 填码 → **勾协议** → 点登录 → 进首页

        ⚠️ 两个坑:
        1. **「获取验证码」必须按压**(press_ms≈250):瞬时点击毫无反应,连倒计时都不出现
        2. **协议必须勾**:不勾的时候点登录**一点反馈都没有**(实测卡在这,以为是码错了)

        ⚠️ 每跑一次**真发一条短信**(短信是服务端发的,费用算对方的),别连着刷。
        ","0","验证码登录-获取短信验证码后登录成功","case.mini.rufeng","2026-10-11","broken","2026-10-11","TestRufengMiniLogin","test_rufeng_mini_login","",""
"按数据摆好输入 → 点登录 → 断言:
        ① 没登进去 ② **expect 里要求的那句提示出现了**(没出现就是红 —— 产品 bug)

        「手机号为空」「密码为空」这两条 expect 是空的:如风自己也没给提示,
        没有文案可以断言,所以只断言没登进去(用户 2026-09-18 定)。","0","登录失败-手机号全非数字","case.mini.zhiwei","2026-10-11","broken","2026-10-11","TestZhiweiMiniLogin","test_zhiwei_mini_login","",""
"","0","个性签名输入要求并生成","case.mini.fengshu","2026-10-11","broken","2026-10-11","TestFengshuCreate","test_fengshu_create","",""
"按数据摆好输入 → 点登录 → 断言:
        ① 没登进去 ② **expect 里要求的那句提示出现了**(没出现就是红 —— 产品 bug)

        「手机号为空」「密码为空」这两条 expect 是空的:如风自己也没给提示,
        没有文案可以断言,所以只断言没登进去(用户 2026-09-18 定)。","0","登录失败-手机号为空","case.mini.jingyao","2026-10-11","broken","2026-10-11","TestJingyaoMiniLogin","test_jingyao_mini_login","",""
"⚠️ **这个入口风数没有**(是景曜特有的),两个字段:`*地点`(y≈851)、
        `*语言`(y≈1203)。

        ✅ **`*语言` 实测也是选项行**(2026-10-09 实测):四个胶囊
        `中文 / 英语 / 韩语 / 泰语`,默认就选中「中文」。
        ⚠️ **但这段代码现在其实没往输入框里填字** —— 它是按输入框填的
        (`fields_texts` 那一路):`fill_field` 会点**标签下面 150px**,
        而那一格下面正好是胶囊行,于是那一下**点在「中文」胶囊上**;
        接着广播的文字**没有输入框可进**(等于空敲),可最后那句
        ""文字进没进框""的校验是**在整屏找「中文」** —— 胶囊上那两个字
        就把它骗过去了 ✓
        → **结果是对的**(要的就是「中文」,而且它本来就是默认值),所以这条绿;
        ⚠️ 但**要换成别的语言就会静默失效**(填「英语」、屏幕上找不到「英语」)
        ✗ —— 那时得改走 `taps=('英语',)`,和 test_14 的「日报」一个路子。
        (按当前版式算:标签 y≈1184 → 点 (268,1334),正好落在第一个胶囊上)","0","旅游计划输入地点与语言并生成","case.mini.jingyao","2026-10-11","broken","2026-10-11","TestJingyaoCreate","test_jingyao_create","",""
"详情页「创作」,字段 `*关键词`","0","关键词标题输入关键词并立即生成","case.mini.xinglian","2026-10-11","broken","2026-10-11","TestXinglianCreate","test_xinglian_create","",""
"⚠️ 判据**不能只看一种**:没登录时那行是「登录/注册」,登录后是手机号掩码 ——
        两种都算正常(这条用例不负责登录/退出,只验结构在位)。
        ⚠️ **也别用「欢迎回来」** —— 它是常驻问候语,没登录也显示(老坑)。","0","我的页-账号区在位(登录/注册 或 手机号掩码)","case.h5.yuntu","2026-10-11","broken","2026-10-11","TestYuntuH5Mine","test_yuntu_h5_mine","",""
"详情页「创作」,字段 `*节日`","0","节日祝福输入节日并立即生成","case.mini.xinglian","2026-10-11","broken","2026-10-11","TestXinglianCreate","test_xinglian_create","",""
"详情页「创作」,字段 `*写作内容`","0","英文写作助手写作内容并立即生成","case.mini.rufeng","2026-10-11","broken","2026-10-11","TestRufengMiniCreate","test_rufeng_mini_create","",""
"","0","短视频脚本输入视频主题并生成","case.mini.yunze","2026-10-11","broken","2026-10-11","TestYunzeCreate","test_yunze_create","",""
"详情页「创作」,字段 `*情境描述`

        ⚠️ 入口名是「**阅读助手**」不是「阅读帮手」(2026-09-30 裁原图核对修正)——
        原来写的是后者(OCR 误读),只有 OCR 偶尔把""助手""读成""帮手""时这条才碰巧找得到入口 ✗","0","阅读助手输入情境描述并立即生成","case.mini.xinglian","2026-10-11","broken","2026-10-11","TestXinglianCreate","test_xinglian_create","",""
"按数据摆好输入 → 点登录 → 断言:
        ① 没登进去 ② **expect 里要求的那句提示出现了**(没出现就是红 —— 产品 bug)

        「手机号为空」「密码为空」这两条 expect 是空的:如风自己也没给提示,
        没有文案可以断言,所以只断言没登进去(用户 2026-09-18 定)。","0","登录失败-手机号为空","case.mini.xingcan","2026-10-11","broken","2026-10-11","TestXingcanMiniLogin","test_xingcan_mini_login","",""
"我的 → 历史问答 → 历史记录弹窗(断言副标题)→ 截图 → 点弹窗右上角
        垃圾桶清空 → 断言弹窗里一条记录都不剩 → 截图留证。

        ⚠️ 清空不可撤销;账号里本来就空的话只截图、跳过断言(没东西可删,
        删完还是空的,那样断言等于没验证)","0","我的-历史问答跳转并清空历史记录","case.mini.zhiwei","2026-10-11","broken","2026-10-11","TestZhiweiHistory","test_zhiwei_history_qa","",""
"视频生成只跑这一条,16:9 / 9:16 那两条已删(2026-09-14 用户要求)。

        视频比绘画更容易撞上「上一次任务还在生成」:视频生成慢得多,
        连跑三条时后面两条必然被产品拦下 —— 实测 9:16 那条就是这么挂的,
        页面上还会提示「上一次AI视频任务正在生成中」。","0","视频生成-视频比例1:1-生成结果","case.mini.zhiwei","2026-10-11","broken","2026-10-11","TestZhiweiVideo","test_zhiwei_apps","",""
"接着上一条的状态(还在快捷模式、协议已勾)→ 点「一键快捷登录」→
        (第一次弹隐私指引,点同意)→ 微信「获取手机号」面板 → **点手机号卡片 = 允许**
        → 进首页。

        ⚠️ 那个面板上**没有「允许」按钮**,点手机号卡片才是允许;下面那个是「不允许」。
        ⚠️ 面板**只有""小程序被删过、重进""的第一次才弹** —— 整批第一步就是删小程序 ✓","0","快捷登录-微信一键登录(点手机号卡片授权)","case.mini.xingcan","2026-10-11","broken","2026-10-11","TestXingcanMiniLogin","test_xingcan_mini_login","",""
"","0","工具栏-重写(重新生成,回复内容变了)","case.h5.yunze","2026-10-11","broken","2026-10-11","TestYunzeH5Toolbar","test_yunze_h5_toolbar","",""
"详情页「创作」,字段 `*产品名称`","0","产品描述并立即生成","case.mini.rufeng","2026-10-11","broken","2026-10-11","TestRufengMiniCreate","test_rufeng_mini_create","",""
"⚠️ **这条是给整批跑兜底的,别删**(2026-09-28 补)。

        上一条(test_05)验的是""未登录时点首页输入框跳登录页""——**跑完人停在登录页、
        账号是登出状态**。而整批里排在登录后面的首页/技能/创作/vip **全都需要登录态**
        (这套用例自己的注释就写着""登出状态下生成次数是 0""),不补这一条就是整批一起红 ✗。

        ⚠️ **风数秒问这条是「补」的,漏了 7 天**:2026-09-21 查出这个问题时,星灿和星联
        当场都补了,而星灿那条的注释里明明写着""**风数秒问那份同样要补这一条**"" —— 当时漏做。
        结果 `-m yunze` 从登录之后整批断掉(首页 2 + 对话 1 + 技能 4 + 创作 14 + 会员 3,
        共 24 条),2026-09-28 冒烟时才查出来。**风数秒问是另外两家的母本,母本反而漏了。**

        ⚠️ **别指望""重新拉起微信""能替代这条**:`forceAppLaunch` 重启的是**微信进程**,
        而登录态是**账号级**的(存在小程序自己的存储 / 服务端)—— 重启进程不会把人登回去。
        实测反证:登出状态下 `assert_home()` 照样能过,说明微信确实重新拉起过、页面依然是登出态。

        星云/如风天然没这个问题(它们最后一条是「快捷登录成功」),不用抄这条。

        ⚠️ 这里是 `if ... return` **不是 `pytest.skip`**:
        test_10(验证码登录成功)跑完**账号本来就是登录态的**,这条的活儿已经完成了
        —— 跳过是""没做"",return 是""不用做"",报告里不该记成跳过 ✓","0","收尾-把账号登回去(后面的用例都要登录态)","case.mini.fengshu","2026-10-11","broken","2026-10-11","TestFengshuMiniLogin","test_fengshu_mini_login","",""
"详情页「创作」,字段 `*餐品名称`","0","外卖好评并立即生成","case.mini.rufeng","2026-10-11","broken","2026-10-11","TestRufengMiniCreate","test_rufeng_mini_create","",""
"按数据摆好输入 → 点登录 → 断言:
        ① 没登进去 ② **expect 里要求的那句提示出现了**(没出现就是红 —— 产品 bug)

        「手机号为空」「密码为空」这两条 expect 是空的:如风自己也没给提示,
        没有文案可以断言,所以只断言没登进去(用户 2026-09-18 定)。","0","登录失败-手机号全非数字","case.mini.yunze","2026-10-11","broken","2026-10-11","TestYunzeMiniLogin","test_yunze_mini_login","",""
"这条是后面 9 条的前提:① 已登录就先退出 ② 走到登录页(走「我的 → 登录/注册」;
        云泽**不会自动跳登录页** —— 用户 2026-09-18 亲口说明,实测也确认了)。
        失败的话后面全部跳过,不会连锁报一堆假失败。

        **已经在登录页就什么都不做**:整批跑的时候前面那条入口用例(删最近使用 →
        重进 → 我的 → 登录页)已经把我们带到登录页了,这里再""退出登录 + 导航""一遍
        反而会切走页面、白花时间。","0","登录页-先把账号退出来并走到登录页","case.mini.xingyun","2026-10-11","broken","2026-10-11","TestXingyunMiniLogin","test_xingyun_mini_login","",""
"按数据摆好输入 → 点登录 → 断言:
        ① 没登进去 ② **expect 里要求的那句提示出现了**(没出现就是红 —— 产品 bug)

        「手机号为空」「密码为空」这两条 expect 是空的:如风自己也没给提示,
        没有文案可以断言,所以只断言没登进去(用户 2026-09-18 定)。","0","登录失败-手机号为空","case.mini.xingyun","2026-10-11","broken","2026-10-11","TestXingyunMiniLogin","test_xingyun_mini_login","",""
"用户 2026-09-18 讲清的快捷登录行为(第一次:删过小程序再进来的那次):
        「已阅读」**不勾** → 点「一键快捷登录」→ **登录会失败**(登不进去)✓;
        勾上之后再点 → 隐私指引点同意 → 授权 → 才登进去。

        所以这条断言的是「**不勾协议就登不进去**」✓(行为是对的,绿)。
        收尾:把可能弹出来的授权面板关掉、协议勾上 —— **登入留给下一条**(省一次退出+登录)。","0","快捷登录-不勾协议登不进去(第一次删过小程序)","case.mini.xingcan","2026-10-11","broken","2026-10-11","TestXingcanMiniLogin","test_xingcan_mini_login","",""
"两字段页:第二个「具体的话语」不带星号(同云泽的工作成果简述那种)","0","阅读助手输入情境描述与具体话语","case.mini.xingcan","2026-10-11","broken","2026-10-11","TestXingcanCreate","test_xingcan_create","",""
"详情页「创作」,字段 `*论文主题`","0","论文资料输入论文主题并立即生成","case.mini.xinglian","2026-10-11","broken","2026-10-11","TestXinglianCreate","test_xinglian_create","",""
"我的 →「**去开通**」→ 会员中心(**连续订阅**那组)→ 点「**单月会员 ￥45.80/1个月**」→
        勾同意 → 立即支付 →(有确认页就点确认)→ 收银台 → 退出

        和 test_34 **同一条路、同一屏**,只是换成右边那张卡 —— 三条一起看才分得清
        ""是某一个套餐开不通""还是""整条链路坏了""(风数那边就是这么用的,见文件头)。

        ⚠️ **「单月会员」只在「去开通」那屏上**,「1元1天」那组里没有它 ——
        所以这条**必须**走「去开通」(`vip_open_continuous_monthly`),
        别图省事照 test_33 换成 `vip_open_one_yuan` ✗ ——
        进错屏的话 `wait_text('单月会员')` 白等 20s 报「找不到套餐」,
        而且**看着像页面改版**,查半天才发现是入口走错了。

        ⚠️ **它和「连续包月」不是同一类卡**(角标一个是〔单次购买〕、一个是〔连续订阅〕)——
        连**协议行的文案**都不一样(2026-10-09 探针实测,改点这张卡之后当场变回去):
            「连续包月」→ 同意《用户支付协议**及连续订阅协议**》、《用户隐私保护政策》
            「单月会员」→ 同意《用户支付协议》、《用户隐私保护政策》   ← 少了""及连续订阅""那句
        `_tick_agreement` 是按""含『同意』的那一行""找的,两种文案都吃得下 ✓
        ⚠️ 也因此**它大概率不会**像 test_34 那样先到微信「自动续费授权页」——
        但父类那套判据是""收银台 activity 和授权页**两页都算到达**"" ✓,
        有那一页没那一页都不碍事(这里**没实测过**,别把""不会有""当结论写死)。

        ⚠️ 进来时**上一张卡(test_34 点的「连续包月」)可能还是选中态** —— 不要紧:
        探针验过**改点另一张,选中会跟着走**(底部支付栏 ￥39.90 → ￥45.80)✓

        金额靠 `jingyao_35_vip_monthly.png` 那张截图核对 ✓

        ⚠️ 这条同样是那个产品 bug 的观测点:**它变绿 = 产品把支付修好了** ✓","0","个人中心-「去开通」选单月会员(走到收银台,不付款)","case.mini.jingyao","2026-10-11","broken","2026-10-11","TestJingyaoVip","test_jingyao_vip","",""
"按数据摆好输入 → 点登录 → 断言:
        ① 没登进去 ② **expect 里要求的那句提示出现了**(没出现就是红 —— 产品 bug)

        「手机号为空」「密码为空」这两条 expect 是空的:如风自己也没给提示,
        没有文案可以断言,所以只断言没登进去(用户 2026-09-18 定)。","0","登录失败-密码为空","case.mini.fengshu","2026-10-11","broken","2026-10-11","TestFengshuMiniLogin","test_fengshu_mini_login","",""
"完整链路:自动拉起微信 → 进入星灿智话(落在首页)→ 校验大标题
        「星灿智话」+ 底部 4 个 tab(顺序是 首页/创作/技能/我的,和云泽不同)
        → 点输入框 → 注入提示词 → 点上箭头(发送)→ 断言对话区出现新消息。

        输入栏的发送按钮是绿色圆形的上箭头,右边是圆形「+」—— 和云泽智语
        (上箭头 + 「...」)图标不同,但位置一致,所以直接沿用云泽的定位方式
        (按屏幕边距反推,不做 OCR 认图标)。","0","首页输入提示词点击发送","case.mini.xingcan","2026-10-11","broken","2026-10-11","TestXingcanHome","test_xingcan_home","",""
"这个页面有**三个**输入框(实测 2026-09-29):`*岗位名称` /
        `*工作成果简述` / `*字数要求`,按页面上从上到下的顺序填 ✓","0","工作总结输入岗位、成果与字数要求并生成","case.mini.fengshu","2026-10-11","broken","2026-10-11","TestFengshuCreate","test_fengshu_create","",""
"① 到微信的「小程序」面板 → ② 最近使用 → ③ 长按删除风数秒问
        → ④ 断言它从列表消失 → ⑤ 返回面板 → ⑥ 我的小程序 → 进入
        → ⑦ 到登录页并断言。

        ⚠️ 按用户 2026-10-08 写的规则(wxminizc.md),风数是「**不跳转、需要自己
        点击登录页**」那一档 —— 所以 ⑦ 多半要走""自己退+导航""。但**""删了会不会清掉
        登录态""还没有实测结论**,两种都接住,并把实测到的那种打出来。","0","入口-最近使用里删除后仍可从我的小程序进入,并到登录页","case.mini.fengshu","2026-10-11","broken","2026-10-11","TestFengshuMiniEntry","test_fengshu_mini_entry","",""
"","0","小红书文案输入简要描述","case.mini.xingcan","2026-10-11","broken","2026-10-11","TestXingcanCreate","test_xingcan_create","",""
"按数据摆好输入 → 点登录 → 断言:
        ① 没登进去 ② **expect 里要求的那句提示出现了**(没出现就是红 —— 产品 bug)

        「手机号为空」「密码为空」这两条 expect 是空的:如风自己也没给提示,
        没有文案可以断言,所以只断言没登进去(用户 2026-09-18 定)。","0","登录失败-未勾协议","case.mini.xingyun","2026-10-11","broken","2026-10-11","TestXingyunMiniLogin","test_xingyun_mini_login","",""
"这页有**三个**输入框(实测 y≈793 / 1147 / 1708),按页面上从上到下的顺序填 ✓","0","工作总结输入岗位、成果与字数要求并生成","case.mini.jingyao","2026-10-11","broken","2026-10-11","TestJingyaoCreate","test_jingyao_create","",""
"","0","首页问答-发「你好」能收到回复(消耗 1 条对话配额)","case.h5.yuntu","2026-10-11","broken","2026-10-11","TestYuntuH5Chat","test_yuntu_h5_chat","",""
"零配额:只是点收藏,不触发生成。

        **必须排在重写后面**(用户 2026-09-16 要求):重写会把这条消息重新生成一遍,
        原来那条上的收藏会被一起吞掉 —— 收藏在前时「我的收藏」页面整个是空的。

        **判据看星的颜色,不看 OCR 认没认出 `★`**:收藏成功后星是金色实心块,
        OCR 经常整块丢掉。这家**实测更极端** —— 收藏前后 `toolbar_text()` 都是
        `'C重写收藏生成海报'`,**连 `★`/`☆` 都不给**,只能靠颜色(`favorite_is_on`)。
        实测:点之前金色像素 0 → 点之后有 → 再点回 0 ✓","0","消息工具栏-收藏(星变金色实心)","case.mini.fengshu","2026-10-11","broken","2026-10-11","TestFengshuToolbar","test_fengshu_toolbar","",""
"**一个入口一条**,和小程序那边同款(那边也是 14 个入口各一条)

        ⚠️ 填的文案按入口区分,直接复用小程序那份(`common/yunze_Constant.py`)——
        同一个产品,文案只该有一处;映射表在 `page_yunze_h5.py` 的 `CREATE_PROMPTS`。
        ⚠️ **每条消耗 1 条生成配额**(用户 2026-10-09 定的:走完整链路)。","0","创作-菜谱大全:填内容 → 生成 → 等出结果(每条消耗 1 条配额)","case.h5.yunze","2026-10-11","broken","2026-10-11","TestYunzeH5Create","test_yunze_h5_create","",""
"工作总结是三字段页:岗位名称 + 工作成果简述(无*标签)+ *字数要求。

        「*字数要求」是必填项:不填的话点「立即生成」按钮没反应、生成不启动,
        用例会一直等到 180s 超时(2026-09-11 实测踩到)。输入框里那行「200字」
        是灰色占位提示(右侧计数器显示 0/200),不是默认值,所以直接填即可。
        它的输入框在 y≈1805,超出了 fill_field 原来写死的校验条带(700-1400),
        条带已一并放宽到 2100。","0","工作总结输入岗位、成果与字数要求并生成","case.mini.yunze","2026-10-11","broken","2026-10-11","TestYunzeCreate","test_yunze_create","",""
"详情页「创作」,字段 `*要求`","0","个性签名要求并立即查询","case.mini.xingyun","2026-10-11","broken","2026-10-11","TestXingyunCreate","test_xingyun_create","",""
"用户 2026-09-18 讲清的快捷登录行为(第一次:删过小程序再进来的那次):
        「已阅读」**不勾** → 点「一键快捷登录」→ **登录会失败**(登不进去)✓;
        勾上之后再点 → 隐私指引点同意 → 授权 → 才登进去。

        所以这条断言的是「**不勾协议就登不进去**」✓(行为是对的,绿)。
        收尾:把可能弹出来的授权面板关掉、协议勾上 —— **登入留给下一条**(省一次退出+登录)。","0","快捷登录-不勾协议登不进去(第一次删过小程序)","case.mini.fengshu","2026-10-11","broken","2026-10-11","TestFengshuMiniLogin","test_fengshu_mini_login","",""
"用真账号登一次:① 验证成功路径通 ② **保证跑完这批是登录态**,
        后面的首页/技能/创作用例才有得跑(景曜智汇登出状态下生成次数是 0)。","0","登录-正确的手机号密码能登进去","case.mini.jingyao","2026-10-11","broken","2026-10-11","TestJingyaoMiniLogin","test_jingyao_mini_login","",""
"按数据摆好输入 → 点登录 → 断言:
        ① 没登进去 ② **expect 里要求的那句提示出现了**(没出现就是红 —— 产品 bug)

        「手机号为空」「密码为空」这两条 expect 是空的:如风自己也没给提示,
        没有文案可以断言,所以只断言没登进去(用户 2026-09-18 定)。","0","登录失败-手机号位数少","case.mini.fengshu","2026-10-11","broken","2026-10-11","TestFengshuMiniLogin","test_fengshu_mini_login","",""
"用户 2026-09-18 讲清的快捷登录行为(第一次:删过小程序再进来的那次):
        「已阅读」**不勾** → 点「一键快捷登录」→ **登录会失败**(登不进去)✓;
        勾上之后再点 → 隐私指引点同意 → 授权 → 才登进去。

        所以这条断言的是「**不勾协议就登不进去**」✓(行为是对的,绿)。
        收尾:把可能弹出来的授权面板关掉、协议勾上 —— **登入留给下一条**(省一次退出+登录)。","0","快捷登录-不勾协议登不进去(第一次删过小程序)","case.mini.xingyun","2026-10-11","broken","2026-10-11","TestXingyunMiniLogin","test_xingyun_mini_login","",""
"按数据摆好输入 → 点登录 → 断言:
        ① 没登进去 ② **expect 里要求的那句提示出现了**(没出现就是红 —— 产品 bug)

        「手机号为空」「密码为空」这两条 expect 是空的:如风自己也没给提示,
        没有文案可以断言,所以只断言没登进去(用户 2026-09-18 定)。","0","登录失败-手机号位数少","case.mini.xingcan","2026-10-11","broken","2026-10-11","TestXingcanMiniLogin","test_xingcan_mini_login","",""
"**一个入口一条**,和小程序那边同款(那边也是 14 个入口各一条)

        ⚠️ 填的文案按入口区分,直接复用小程序那份(`common/yunze_Constant.py`)——
        同一个产品,文案只该有一处;映射表在 `page_yunze_h5.py` 的 `CREATE_PROMPTS`。
        ⚠️ **每条消耗 1 条生成配额**(用户 2026-10-09 定的:走完整链路)。","0","创作-日报生成器:填内容 → 生成 → 等出结果(每条消耗 1 条配额)","case.h5.yunze","2026-10-11","broken","2026-10-11","TestYunzeH5Create","test_yunze_h5_create","",""
"按数据摆好输入 → 点登录 → 断言:
        ① 没登进去 ② **expect 里要求的那句提示出现了**(没出现就是红 —— 产品 bug)

        「手机号为空」「密码为空」这两条 expect 是空的:如风自己也没给提示,
        没有文案可以断言,所以只断言没登进去(用户 2026-09-18 定)。","0","登录失败-手机号全非数字","case.mini.jingyao","2026-10-11","broken","2026-10-11","TestJingyaoMiniLogin","test_jingyao_mini_login","",""
"⚠️ 这家叫**「英文写作助手」**,风数叫「英文写作」—— 别混","0","英文写作助手输入写作内容并生成","case.mini.jingyao","2026-10-11","broken","2026-10-11","TestJingyaoCreate","test_jingyao_create","",""
"按数据摆好输入 → 点登录 → 断言:
        ① 没登进去 ② **expect 里要求的那句提示出现了**(没出现就是红 —— 产品 bug)

        「手机号为空」「密码为空」这两条 expect 是空的:如风自己也没给提示,
        没有文案可以断言,所以只断言没登进去(用户 2026-09-18 定)。","0","登录失败-密码为空","case.mini.xinglian","2026-10-11","broken","2026-10-11","TestXinglianMiniLogin","test_xinglian_mini_login","",""
"用真码登进去。**优先复用上一条(验证码填错)刚发的码** —— 用户 2026-09-18
        要求""一轮只发一次"";读不到才自己发一条(限流时这里**只等 15 秒**,
        不再白等 45 秒)。

        ⚠️ 每跑一次**真发一条短信**(费用算对方的),别连着刷。","0","验证码登录-获取短信验证码后登录成功","case.mini.xingyun","2026-10-11","broken","2026-10-11","TestXingyunMiniLogin","test_xingyun_mini_login","",""
"实测(2026-09-18):点了**没有任何提示,也没有倒计时** —— 也就是没发短信 ✓
        (行为本身对:没手机号不该发码)。只断言""没出现倒计时"",不校验提示
        —— 和「手机号为空」那两条口径一致:没有文案可断言。","0","验证码登录-手机号没填就点「获取验证码」不发码","case.mini.xingyun","2026-10-11","broken","2026-10-11","TestXingyunMiniLogin","test_xingyun_mini_login","",""
"⚠️ 消耗 2 条对话配额(「继续」是否额外消耗待实测确认)","0","AI问答-两轮问答(第1轮答完点继续续写,第2轮点加号新建会话)","case.mini.yunze","2026-10-11","broken","2026-10-11","TestYunzeChat","test_yunze_chat","",""
"","0","广告文案输入产品要求并生成","case.mini.fengshu","2026-10-11","broken","2026-10-11","TestFengshuCreate","test_fengshu_create","",""
"","0","英文写作输入写作内容并生成","case.mini.fengshu","2026-10-11","broken","2026-10-11","TestFengshuCreate","test_fengshu_create","",""
"⚠️ 消耗 2 条对话配额(「继续」是否额外消耗待实测确认)","0","AI问答-两轮问答(第1轮答完点继续续写,第2轮点加号新建会话)","case.mini.jingyao","2026-10-11","broken","2026-10-11","TestJingyaoChat","test_jingyao_chat","",""
"广告文案:先做「轻便跑步鞋」→ 退出重进,改成「车载香薰」→ 生成
        → **结果必须是车载香薰的**,不能还留着跑步鞋那条。","0","创作-退出重进换提示词,结果是新的(广告文案)","case.mini.rufeng","2026-10-11","broken","2026-10-11","TestRufengMiniCreate","test_rufeng_mini_create","",""
"**一个入口一条**,和小程序那边同款(那边也是 14 个入口各一条)

        ⚠️ 填的文案按入口区分,直接复用小程序那份(`common/yunze_Constant.py`)——
        同一个产品,文案只该有一处;映射表在 `page_yuntu_h5.py` 的 `CREATE_PROMPTS`。
        ⚠️ **每条消耗 1 条生成配额**(用户 2026-10-09 定的:走完整链路)。","0","创作-淘宝好评:填内容 → 生成 → 等出结果(每条消耗 1 条配额)","case.h5.yuntu","2026-10-11","broken","2026-10-11","TestYuntuH5Create","test_yuntu_h5_create","",""
"填好(或故意留空)→ 点登录 → 断言:
        ① 没登进去 ② **expect 里要求的那句提示出现了**(没出现就是红 —— 产品 bug)

        整批跑的时候前面那条入口用例(删最近使用 → 我的小程序 → 打开)已经把页面
        带到登录页了;单独跑这个文件时账号可能是登录态,那就自己退出来再走到登录页。

        ⚠️ 「密码错误」那条对真账号是一次真实失败尝试,一轮只跑一次。","0","登录失败-手机号全非数字","case.mini.rufeng","2026-10-11","broken","2026-10-11","TestRufengMiniLogin","test_rufeng_mini_login","",""
"三轮问答,每轮生成完就截图;**第 1 轮还要重写 + 收藏 + 生成海报**:
        1) 直接在进入 tab 时的会话里**手输**提问 → **重写**(重新生成、等出结果)
           → 收藏 → 截图 → 生成海报 → 截图 → 关掉海报
        2) 三横线 → 历史问答弹窗 → 右上角「+」新建会话,然后**点欢迎页
           「猜你想问」第一条推荐提问**(不手输,用户 2026-09-15 要求)
        3) 会话页右上角「+」新建会话,手输提问

        收藏 / 重写 / 生成海报都用 bottom=True 取**最新一条**(刚生成的那条):
        第 1 轮续用的是老会话,里面本来就有历史消息,取最上面那条会点到旧消息上。
        注:会真实消耗 4 条对话配额(第 1 轮发送 + 重写,加第 2、3 轮各一条)","0","AI问答-三次问答(新建会话×2,第2轮点猜你想问)","case.mini.zhiwei","2026-10-11","broken","2026-10-11","TestZhiweiHome","test_zhiwei_home","",""
"按数据摆好输入 → 点登录 → 断言:
        ① 没登进去 ② **expect 里要求的那句提示出现了**(没出现就是红 —— 产品 bug)

        「手机号为空」「密码为空」这两条 expect 是空的:如风自己也没给提示,
        没有文案可以断言,所以只断言没登进去(用户 2026-09-18 定)。","0","登录失败-手机号为空","case.mini.fengshu","2026-10-11","broken","2026-10-11","TestFengshuMiniLogin","test_fengshu_mini_login","",""
"实测(2026-09-18 星云):填「0000」点登录 → **「验证码错误！」** ✓
        (要先有一个""已发码""的上下文,服务端才走""码错""这条分支)

        ⚠️ 这条会**发一条短信**;顺手把真码的""排旧""信息存着,给下一条复用(一轮只发一条)。","0","验证码登录-验证码填错提示「验证码错误！」","case.mini.yunze","2026-10-11","broken","2026-10-11","TestYunzeMiniLogin","test_yunze_mini_login","",""
"","0","朋友圈文案输入关键词并生成","case.mini.jingyao","2026-10-11","broken","2026-10-11","TestJingyaoCreate","test_jingyao_create","",""
"个人中心 → 1元1天 → 会员中心 →(1元套餐已默认选中)→ 勾同意 →
        立即支付 → 确认办理 → 收银台 → 退出

        **不点套餐卡**:从「1元1天」进来时 1元那个套餐就是默认选中的
        (底部支付栏写着「￥1/1天」),而它在卡片行第三张、初始在屏幕外 ——
        去点它只会白等超时 ✗。金额靠那一步的截图核对 ✓","0","个人中心-1元会员支付链路(走到收银台,不付款)","case.mini.fengshu","2026-10-11","broken","2026-10-11","TestFengshuVip","test_fengshu_vip","",""
"列表本来就空的话跳过 —— 删完还是空的,断言等于没验证","0","历史对话-逐条删除会话直到清空","case.mini.xingcan","2026-10-11","broken","2026-10-11","TestXingcanHistory","test_xingcan_history_qa","",""
"","0","产品描述输入产品名称","case.mini.xingcan","2026-10-11","broken","2026-10-11","TestXingcanCreate","test_xingcan_create","",""
"按数据摆好输入 → 点登录 → **只断言""没登进去""**

        ⚠️ **提示文案不断言**(用户 2026-09-24 定):""不用去分别对不对,只要错误的
        没登进去,然后具体的提示词我去报告里自己看就行"" —— 抓到的文字原样 attach 进
        报告,人工核对。**和小程序那套(""该给的提示没给 = 红"")口径不同,是有意为之。**
        好处:产品文案怎么改都不会造成假红 ✓ 而且提示是不是该给,看报告一眼就知道。

        H5 的提示是 uni-app 的 toast,和页面一样进无障碍树 —— 但只活约 1 秒,
        所以**点完立刻截图 + 读一次当前文字**,不去连拍。","0","登录失败-手机号未注册","case.h5.yunze","2026-10-11","broken","2026-10-11","TestYunzeH5Login","test_yunze_h5_login","",""
"和小程序那边的「我的收藏」同口径:进去 → 取消一条 → 条目数减一

        ⚠️ **前置**:列表里得**至少有一条** —— 由工具栏那条(点「收藏」)造出来,
        `FILE_ORDER` 里工具栏排在它前面 ✓。单跑这个文件时列表可能是空的,
        这时**明确报出来**(别让人以为是产品 bug)。
        ⚠️ 收藏**打开就有**,不用下拉刷新(2026-10-10 确认)。
        ⚠️ 判据用「取消收藏」那句(每条收藏下面都有一个),它**带文字** ✓ 定位稳。","0","我的收藏-取消一条后列表条目减少","case.h5.yuntu","2026-10-11","broken","2026-10-11","TestYuntuH5Mine","test_yuntu_h5_mine","",""
"按数据摆好输入 → 点登录 → 断言:
        ① 没登进去 ② **expect 里要求的那句提示出现了**(没出现就是红 —— 产品 bug)

        「手机号为空」「密码为空」这两条 expect 是空的:如风自己也没给提示,
        没有文案可以断言,所以只断言没登进去(用户 2026-09-18 定)。","0","登录失败-未勾协议","case.mini.jingyao","2026-10-11","broken","2026-10-11","TestJingyaoMiniLogin","test_jingyao_mini_login","",""
"详情页「创作」,字段 `*翻译内容`","0","翻译助手翻译内容并立即生成","case.mini.rufeng","2026-10-11","broken","2026-10-11","TestRufengMiniCreate","test_rufeng_mini_create","",""
"","0","诗词创作输入主题内容","case.mini.xingcan","2026-10-11","broken","2026-10-11","TestXingcanCreate","test_xingcan_create","",""
"填好(或故意留空)→ 点登录 → 断言:
        ① 没登进去 ② **expect 里要求的那句提示出现了**(没出现就是红 —— 产品 bug)

        整批跑的时候前面那条入口用例(删最近使用 → 我的小程序 → 打开)已经把页面
        带到登录页了;单独跑这个文件时账号可能是登录态,那就自己退出来再走到登录页。

        ⚠️ 「密码错误」那条对真账号是一次真实失败尝试,一轮只跑一次。","0","登录失败-手机号位数少","case.mini.rufeng","2026-10-11","broken","2026-10-11","TestRufengMiniLogin","test_rufeng_mini_login","",""
"按数据摆好输入 → 点登录 → 断言:
        ① 没登进去 ② **expect 里要求的那句提示出现了**(没出现就是红 —— 产品 bug)

        「手机号为空」「密码为空」这两条 expect 是空的:如风自己也没给提示,
        没有文案可以断言,所以只断言没登进去(用户 2026-09-18 定)。","0","登录失败-手机号位数多","case.mini.xingyun","2026-10-11","broken","2026-10-11","TestXingyunMiniLogin","test_xingyun_mini_login","",""
"按数据摆好输入 → 点登录 → 断言:
        ① 没登进去 ② **expect 里要求的那句提示出现了**(没出现就是红 —— 产品 bug)

        「手机号为空」「密码为空」这两条 expect 是空的:如风自己也没给提示,
        没有文案可以断言,所以只断言没登进去(用户 2026-09-18 定)。","0","登录失败-手机号位数多","case.mini.fengshu","2026-10-11","broken","2026-10-11","TestFengshuMiniLogin","test_fengshu_mini_login","",""
"完整链路:点输入框 → 注入提示词 → 点上箭头(发送) → 断言消息上屏。
        已知产品 bug(2026-09-10):发送时可能提示「发送失败,请重试」、
        输入框文字不清空、AI 不回复,但消息仍会上屏——本条只验证消息上屏,
        失败提示由截图留证","1","首页输入提示词点击发送","case.mini.yunze","2026-10-11","broken","2026-10-11","TestYunzeHome","test_yunze_home","",""
"实测(2026-09-18 星云):填「0000」点登录 → **「验证码错误！」** ✓
        (要先有一个""已发码""的上下文,服务端才走""码错""这条分支)

        ⚠️ 这条会**发一条短信**;顺手把真码的""排旧""信息存着,给下一条复用(一轮只发一条)。","0","验证码登录-验证码填错提示「验证码错误！」","case.mini.xinglian","2026-10-11","broken","2026-10-11","TestXinglianMiniLogin","test_xinglian_mini_login","",""
"","0","翻译助手输入翻译内容并生成","case.mini.yunze","2026-10-11","broken","2026-10-11","TestYunzeCreate","test_yunze_create","",""
"实测(2026-09-18 星云):验证码留空点登录 → **一个字都没有**(不校验提示,
        和「密码为空」一个口径)。只断言没登进去。","0","验证码登录-验证码为空点登录无提示","case.mini.yunze","2026-10-11","broken","2026-10-11","TestYunzeMiniLogin","test_yunze_mini_login","",""
"**一个入口一条**,和小程序那边同款(那边也是 14 个入口各一条)

        ⚠️ 填的文案按入口区分,直接复用小程序那份(`common/yunze_Constant.py`)——
        同一个产品,文案只该有一处;映射表在 `page_yunze_h5.py` 的 `CREATE_PROMPTS`。
        ⚠️ **每条消耗 1 条生成配额**(用户 2026-10-09 定的:走完整链路)。","0","创作-翻译助手:填内容 → 生成 → 等出结果(每条消耗 1 条配额)","case.h5.yunze","2026-10-11","broken","2026-10-11","TestYunzeH5Create","test_yunze_h5_create","",""
"**一个入口一条**,和小程序那边同款(那边也是 14 个入口各一条)

        ⚠️ 填的文案按入口区分,直接复用小程序那份(`common/yunze_Constant.py`)——
        同一个产品,文案只该有一处;映射表在 `page_yuntu_h5.py` 的 `CREATE_PROMPTS`。
        ⚠️ **每条消耗 1 条生成配额**(用户 2026-10-09 定的:走完整链路)。","0","创作-日报助手:填内容 → 生成 → 等出结果(每条消耗 1 条配额)","case.h5.yuntu","2026-10-11","broken","2026-10-11","TestYuntuH5Create","test_yuntu_h5_create","",""
"完整链路:自动拉起微信 → 进入云泽智语 → 校验大标题 + 底部 4 tab
        (失败在 assert_home 里就抛错),截图留证","0","进入小程序后首页正常展示","case.mini.yunze","2026-10-11","broken","2026-10-11","TestYunzeHome","test_yunze_home","",""
"按数据摆好输入 → 点登录 → 断言:
        ① 没登进去 ② **expect 里要求的那句提示出现了**(没出现就是红 —— 产品 bug)

        「手机号为空」「密码为空」这两条 expect 是空的:如风自己也没给提示,
        没有文案可以断言,所以只断言没登进去(用户 2026-09-18 定)。","0","登录失败-手机号位数多","case.mini.yunze","2026-10-11","broken","2026-10-11","TestYunzeMiniLogin","test_yunze_mini_login","",""
"按数据摆好输入 → 点登录 → 断言:
        ① 没登进去 ② **expect 里要求的那句提示出现了**(没出现就是红 —— 产品 bug)

        「手机号为空」「密码为空」这两条 expect 是空的:如风自己也没给提示,
        没有文案可以断言,所以只断言没登进去(用户 2026-09-18 定)。","0","登录失败-密码错误","case.mini.xingyun","2026-10-11","broken","2026-10-11","TestXingyunMiniLogin","test_xingyun_mini_login","",""
"按数据摆好输入 → 点登录 → 断言:
        ① 没登进去 ② **expect 里要求的那句提示出现了**(没出现就是红 —— 产品 bug)

        「手机号为空」「密码为空」这两条 expect 是空的:如风自己也没给提示,
        没有文案可以断言,所以只断言没登进去(用户 2026-09-18 定)。","0","登录失败-手机号含字母","case.mini.xingcan","2026-10-11","broken","2026-10-11","TestXingcanMiniLogin","test_xingcan_mini_login","",""
"登录页 →「快捷登录」→ 一切换到「一键快捷登录」模式 → 勾协议 → 点按钮
        → 微信弹隐私指引(首次)点「同意」→ 微信弹「申请获取并验证你的手机号」面板
        → **点手机号那块卡片 = 允许** → 直接进首页。

        ⚠️ 那个授权面板上**没有「允许」按钮** —— 点手机号卡片才是允许,
        下面那个是「不允许」,别点错(2026-09-17 探针实测,差点按字面去找「允许」)。

        ⚠️ 用的是微信号绑定的手机号,和密码登录那个账号是同一个号(实测 193****2933)。","0","快捷登录-微信一键登录(点手机号卡片授权)","case.mini.rufeng","2026-10-11","broken","2026-10-11","TestRufengMiniLogin","test_rufeng_mini_login","",""
"上一条刚退出登录,这条点首页的输入框 —— 用户 2026-09-17 说明的产品行为:
        **未登录时点输入框不会聚焦输入,而是整页跳到登录页**。

        ⚠️ 星云退出后**直接就在登录页**上(见上一条),那就没有""登出状态的首页""可点
        —— 这条跳过(不是失败)。","0","未登录时点首页输入框会直接跳到登录页","case.mini.xinglian","2026-10-11","broken","2026-10-11","TestXinglianMiniLogin","test_xinglian_mini_login","",""
"「去开通」→ 会员中心 → 选【连续包月 ￥39.9/个月】→ 勾同意 → 立即支付 →
        确认办理 → 收银台(不付款)

        和上一条是**同一个会员页、不同套餐** —— 两条一起看才分得清
        ""某一个套餐开不通""还是""整条链路坏了"" ✓","0","我的-会员「去开通」选连续包月(走到收银台,不付款)","case.mini.xingyun","2026-10-11","broken","2026-10-11","TestXingyunVip","test_xingyun_vip","",""
"详情页「创作」,三个字段 `*岗位名称`/`*工作成果简述`/`*字数要求`
        (⭐ 2026-09-30 探针实测:星云**三个都带星** —— 云泽那份的「字数要求」不带,
         照抄会找不到 ✗)","0","工作总结岗位名称与成果并立即查询","case.mini.xingyun","2026-10-11","broken","2026-10-11","TestXingyunCreate","test_xingyun_create","",""
"完整链路:点输入框 → 注入提示词 → 点**纸飞机**(发送) → 断言消息上屏。

        ⚠️ 这家的发送图标是**纸飞机**、在输入框**右边**(云泽换成了上箭头),
        位置走 `SEND_BTN_FROM_RIGHT`(**实测 141**,云泽是 350)。
        别退回按 OCR 找图标的写法 —— 纯图标认不出文字。","0","首页输入提示词点击发送","case.mini.fengshu","2026-10-11","broken","2026-10-11","TestFengshuHome","test_fengshu_home","",""
"⚠️ 消耗 1 条对话配额。

        **判据是""生成真的结束了"",不是""屏幕变了""**(2026-09-16 在如风上实测踩到):
        点完重写,先冒出来的全是过程文字 —— 被重新问一遍的问题气泡、「加载中,请稍等」、
        「暂停」按钮 —— 原来那个""等 2 秒看有没有 3 条新文字""的判据当场就满足,
        于是截图拍到的是「加载中」、重写结果一个字都没进画面,用例却报绿(假绿 ✗)。

        现在分两段等:
        ① 等它**进入**生成态(20s 没进去 = 这一下点空了,单独报错,别赖生成慢);
        ② 等""生成中""字样**消失**并且回复内容确实变了。

        ⚠️ **`> 3` 这个阈值是从如风那边照搬的,云泽还没实测调过**:如风的重写
        **不是原地替换**(它把问题重新问一遍,旧回复留在上面,下面新增一个提问气泡
        + 新回复),所以""新冒出来的文字条数""是个好信号。云泽若也是这个行为就没问题;
        如果是**原地替换**,新文字可能凑不够 3 条,这条会报""重写结果还没出来"" ✗ ——
        届时看截图:只要重写确实完成了,就把阈值调小。","0","消息工具栏-重写(重新生成,回复内容变了)","case.mini.yunze","2026-10-11","broken","2026-10-11","TestYunzeToolbar","test_yunze_toolbar","",""
"","0","菜谱大全输入菜品名称并生成","case.mini.jingyao","2026-10-11","broken","2026-10-11","TestJingyaoCreate","test_jingyao_create","",""
"","0","创作页-14 个入口都在(滚着数)","case.h5.yuntu","2026-10-11","broken","2026-10-11","TestYuntuH5Create","test_yuntu_h5_create","",""
"详情页「创作」,字段 `*产品要求`","0","广告文案输入产品要求并立即生成","case.mini.xinglian","2026-10-11","broken","2026-10-11","TestXinglianCreate","test_xinglian_create","",""
"","0","外卖好评输入餐品名称并生成","case.mini.jingyao","2026-10-11","broken","2026-10-11","TestJingyaoCreate","test_jingyao_create","",""
"实测(2026-09-18 星云):点了**没有任何提示,也没有倒计时** —— 也就是没发短信 ✓
        (行为本身对:没手机号不该发码)。只断言""没出现倒计时"",不校验提示
        —— 和「手机号为空」那两条口径一致:没有文案可断言。","0","验证码登录-手机号没填就点「获取验证码」不发码","case.mini.xinglian","2026-10-11","broken","2026-10-11","TestXinglianMiniLogin","test_xinglian_mini_login","",""
"**一个入口一条**,和小程序那边同款(那边也是 14 个入口各一条)

        ⚠️ 填的文案按入口区分,直接复用小程序那份(`common/yunze_Constant.py`)——
        同一个产品,文案只该有一处;映射表在 `page_yuntu_h5.py` 的 `CREATE_PROMPTS`。
        ⚠️ **每条消耗 1 条生成配额**(用户 2026-10-09 定的:走完整链路)。","0","创作-电影推荐:填内容 → 生成 → 等出结果(每条消耗 1 条配额)","case.h5.yuntu","2026-10-11","broken","2026-10-11","TestYuntuH5Create","test_yuntu_h5_create","",""
"","0","音乐生成输入歌曲名称与描述并立即生成","case.mini.xingcan","2026-10-11","broken","2026-10-11","TestXingcanSkill","test_xingcan_skill","",""
"列表本来就空的话跳过 —— 删完还是空的,断言等于没验证","0","历史对话-逐条删除会话直到清空","case.mini.xinglian","2026-10-11","broken","2026-10-11","TestXinglianHistory","test_xinglian_history_qa","",""
"详情页「创作」,字段 `商品名称和卖点`(**不带星**,2026-09-30 探针实测;
        星灿那份写的是 `*商品名称和卖点` —— 照抄会找不到 ✗)","0","淘宝好评输入商品名称和卖点并立即生成","case.mini.xinglian","2026-10-11","broken","2026-10-11","TestXinglianCreate","test_xinglian_create","",""
"⚠️ 消耗 2 条对话配额(「继续」是否额外消耗待实测确认)","0","AI问答-两轮问答(第1轮答完点继续续写,第2轮点加号新建会话)","case.mini.rufeng","2026-10-11","broken","2026-10-11","TestRufengMiniChat","test_rufeng_mini_chat","",""
"","0","小红书文案输入简要描述并生成","case.mini.jingyao","2026-10-11","broken","2026-10-11","TestJingyaoCreate","test_jingyao_create","",""
"认的是**结构性文字**:标题 / slogan / 输入框 / 栏目名

        ⚠️ 特意**没把**那三张彩卡的名字写进判据 —— 它们是后端配置驱动的,
        `api/index/config` 一挂就全变成「翻译助手」(2026-10-09 实测),写进来就是颗雷。","0","首页-关键元素都在","case.h5.yunze","2026-10-11","broken","2026-10-11","TestYunzeH5Home","test_yunze_h5_home","",""
"按数据摆好输入 → 点登录 → 断言:
        ① 没登进去 ② **expect 里要求的那句提示出现了**(没出现就是红 —— 产品 bug)

        「手机号为空」「密码为空」这两条 expect 是空的:如风自己也没给提示,
        没有文案可以断言,所以只断言没登进去(用户 2026-09-18 定)。","0","登录失败-手机号位数少","case.mini.yunze","2026-10-11","broken","2026-10-11","TestYunzeMiniLogin","test_yunze_mini_login","",""
"**一个入口一条**,和小程序那边同款(那边也是 14 个入口各一条)

        ⚠️ 填的文案按入口区分,直接复用小程序那份(`common/yunze_Constant.py`)——
        同一个产品,文案只该有一处;映射表在 `page_yuntu_h5.py` 的 `CREATE_PROMPTS`。
        ⚠️ **每条消耗 1 条生成配额**(用户 2026-10-09 定的:走完整链路)。","0","创作-菜谱大全:填内容 → 生成 → 等出结果(每条消耗 1 条配额)","case.h5.yuntu","2026-10-11","broken","2026-10-11","TestYuntuH5Create","test_yuntu_h5_create","",""
"实测(2026-09-18 星云):验证码留空点登录 → **一个字都没有**(不校验提示,
        和「密码为空」一个口径)。只断言没登进去。","0","验证码登录-验证码为空点登录无提示","case.mini.xinglian","2026-10-11","broken","2026-10-11","TestXinglianMiniLogin","test_xinglian_mini_login","",""
"上一条刚登录成功,这条把账号退出来。

        ⚠️ **各家退出来落在哪不一样**(2026-09-18 实测):
        如风/景曜智汇退回**首页**;星云智点**直接落在登录页** —— 所以断言只看
        ""没登录态了""这个共同点,不假设停在哪一页。","0","退出登录-退出后「我的」页变成登出态","case.mini.jingyao","2026-10-11","broken","2026-10-11","TestJingyaoMiniLogin","test_jingyao_mini_login","",""
"按数据摆好输入 → 点登录 → **只断言""没登进去""**

        ⚠️ **提示文案不断言**(用户 2026-09-24 定):""不用去分别对不对,只要错误的
        没登进去,然后具体的提示词我去报告里自己看就行"" —— 抓到的文字原样 attach 进
        报告,人工核对。**和小程序那套(""该给的提示没给 = 红"")口径不同,是有意为之。**
        好处:产品文案怎么改都不会造成假红 ✓ 而且提示是不是该给,看报告一眼就知道。

        H5 的提示是 uni-app 的 toast,和页面一样进无障碍树 —— 但只活约 1 秒,
        所以**点完立刻截图 + 读一次当前文字**,不去连拍。","0","登录失败-未勾协议","case.h5.yunze","2026-10-11","broken","2026-10-11","TestYunzeH5Login","test_yunze_h5_login","",""
"用真码登进去。**优先复用上一条(验证码填错)刚发的码** —— 一轮只发一次;
        读不到才自己发一条。

        ⚠️ 每跑一次**真发一条短信**(费用算对方的),别连着刷。","0","验证码登录-获取短信验证码后登录成功","case.mini.xinglian","2026-10-11","broken","2026-10-11","TestXinglianMiniLogin","test_xinglian_mini_login","",""
"我的 → 我的收藏 → 截图留证 → 点第一条「取消收藏」→ 断言条目数减一 → 再截图。

        只取消一条(用户要求),所以断言写""条目数减一""而不是""页面空了"" ——
        本来就只有一条时,减一就等于页面清空,两种情况都对。
        列表本来就是空的就跳过:取消收藏得先有东西可取消,先用 test_25 收藏一条。

        判据说明:条目数用「取消收藏」按钮的个数(见 favorite_entries),
        不数条目标题 —— 标题排版没标定过,按钮位置才是稳的。
        页面现场(2026-09-15 截图实证):非空时每条是「问 <提问>」+「答 <回复摘要>」
        +「复制」+「⭐ 取消收藏」,列表末尾有「—— 没有更多了 ——」;
        清空后是空箱子插画 +「没有数据哦~」(没写成断言:只在本来只有 1 条时才走得到,
        验证成本高,先留作注释)","0","我的收藏-取消一条收藏后列表条目减少","case.mini.zhiwei","2026-10-11","broken","2026-10-11","TestZhiweiFavorite","test_zhiwei_mine","",""
"日报小助手只保留这一条,周报/月报那两条已删(2026-09-14 用户要求)。

        三种类型走的是**同一条生成链路**,只是点选「生成类型」不同,各跑一遍
        没有额外覆盖,还各消耗一次配额 —— 和绘画/视频按比例分三条是同一回事
        (那边的 16:9 / 9:16 也删了,同样只留默认项)。
        注意:留的是默认的「日报」,所以点选动作是个空操作,**生成类型的选择
        本身没有被这条覆盖**;要覆盖它得留「月报」那条(点选会真正切换类型)。","0","日报小助手-日报-生成结果","case.mini.zhiwei","2026-10-11","broken","2026-10-11","TestZhiweiSkill","test_zhiwei_skill","",""
"按数据摆好输入 → 点登录 → 断言:
        ① 没登进去 ② **expect 里要求的那句提示出现了**(没出现就是红 —— 产品 bug)

        「手机号为空」「密码为空」这两条 expect 是空的:如风自己也没给提示,
        没有文案可以断言,所以只断言没登进去(用户 2026-09-18 定)。","0","登录失败-手机号未注册","case.mini.zhiwei","2026-10-11","broken","2026-10-11","TestZhiweiMiniLogin","test_zhiwei_mini_login","",""
"","0","论文资料输入论文主题","case.mini.xingcan","2026-10-11","broken","2026-10-11","TestXingcanCreate","test_xingcan_create","",""
"完整链路:自动拉起微信 → 进入如风智绘 → 校验大标题 + 底部 4 tab
        (失败在 assert_home 里就抛错),截图留证","0","进入小程序后首页正常展示","case.mini.rufeng","2026-10-11","broken","2026-10-11","TestRufengMiniHome","test_rufeng_mini_home","",""
"","0","短视频脚本输入视频主题并生成","case.mini.jingyao","2026-10-11","broken","2026-10-11","TestJingyaoCreate","test_jingyao_create","",""
"**一个入口一条**,和小程序那边同款(那边也是 14 个入口各一条)

        ⚠️ 填的文案按入口区分,直接复用小程序那份(`common/yunze_Constant.py`)——
        同一个产品,文案只该有一处;映射表在 `page_yunze_h5.py` 的 `CREATE_PROMPTS`。
        ⚠️ **每条消耗 1 条生成配额**(用户 2026-10-09 定的:走完整链路)。","0","创作-英文写作助手:填内容 → 生成 → 等出结果(每条消耗 1 条配额)","case.h5.yunze","2026-10-11","broken","2026-10-11","TestYunzeH5Create","test_yunze_h5_create","",""
"用真码登进去。**优先复用上一条(验证码填错)刚发的码** —— 一轮只发一次;
        读不到才自己发一条。

        ⚠️ 每跑一次**真发一条短信**(费用算对方的),别连着刷。","0","验证码登录-获取短信验证码后登录成功","case.mini.fengshu","2026-10-11","broken","2026-10-11","TestFengshuMiniLogin","test_fengshu_mini_login","",""
"详情页「创作」,字段 `*翻译内容`","0","翻译助手翻译内容并立即查询","case.mini.xingyun","2026-10-11","broken","2026-10-11","TestXingyunCreate","test_xingyun_create","",""
"按数据摆好输入 → 点登录 → 断言:
        ① 没登进去 ② **expect 里要求的那句提示出现了**(没出现就是红 —— 产品 bug)

        「手机号为空」「密码为空」这两条 expect 是空的:如风自己也没给提示,
        没有文案可以断言,所以只断言没登进去(用户 2026-09-18 定)。","0","登录失败-手机号全非数字","case.mini.xingyun","2026-10-11","broken","2026-10-11","TestXingyunMiniLogin","test_xingyun_mini_login","",""
"详情页「创作」,字段 `*翻译内容`","0","翻译助手输入翻译内容并立即生成","case.mini.xinglian","2026-10-11","broken","2026-10-11","TestXinglianCreate","test_xinglian_create","",""
"这条是后面 9 条的前提:① 已登录就先退出 ② 走到登录页(走「我的 → 登录/注册」;
        知微**不会自动跳登录页** —— 走法是「我的 → 点「未登录」那块牌子」
        (2026-09-28 实测;和云泽/星云/星联同为 PATH_MINE_ENTRY,只是牌子上的字不同)。
        失败的话后面全部跳过,不会连锁报一堆假失败。

        **已经在登录页就什么都不做**:整批跑的时候前面那条入口用例(删最近使用 →
        重进 → 我的 → 登录页)已经把我们带到登录页了,这里再""退出登录 + 导航""一遍
        反而会切走页面、白花时间。","0","登录页-先把账号退出来并走到登录页","case.mini.zhiwei","2026-10-11","broken","2026-10-11","TestZhiweiMiniLogin","test_zhiwei_mini_login","",""
"点「Ai视频」(视频生成那张卡,app 里卡名就是小写 i)→ 详情页「视频生成」
        → 填 `*视频场景` → 立即生成 → 截图 → 返回","0","Ai视频输入视频场景并立即生成","case.mini.xinglian","2026-10-11","broken","2026-10-11","TestXinglianSkill","test_xinglian_skill","",""
"本来就空的话跳过 —— 清完还是空的,断言等于没验证","0","历史问答-删除所有记录后一条不剩","case.mini.fengshu","2026-10-11","broken","2026-10-11","TestFengshuHistory","test_fengshu_history_qa","",""
"我的 →「立即开通」→ 会员中心 → 选【单月会员 ￥69.8/个月】→ 勾同意 →
        立即支付 → 确认办理 → 收银台(不付款)","0","我的-会员「立即开通」选单月会员(走到收银台,不付款)","case.mini.xinglian","2026-10-11","broken","2026-10-11","TestXinglianVip","test_xinglian_vip","",""
"用户 2026-09-18 讲清的**快捷登录正确行为**(第一次:删过小程序再进来的那次):

        - 切到快捷模式 → **「已阅读」不勾** → 点「一键快捷登录」→ **登录会失败**
          (登不进去;微信可能还会弹一下授权面板,但那不算登入成功)
        - 勾上「已阅读」→ 点「一键快捷登录」→ 隐私指引点**同意** → 授权 →
          **这次才登进去**

        所以这条断言的是「**不勾协议就登不进去**」✓(行为是对的,绿)。
        ⚠️ 我之前按""该给的提示没给=红""把它判成 bug 是**理解错了** ——
        用户说明:这里的产品行为是""登录失败"",不是""给提示""。

        收尾:把可能弹出来的授权面板关掉 → 勾上协议 → 走一遍正常快捷登录
        (点同意 + 授权)→ 保证跑完这批是登录态。","0","快捷登录-第一次(删过小程序)不勾协议登不进去","case.mini.rufeng","2026-10-11","broken","2026-10-11","TestRufengMiniLogin","test_rufeng_mini_login","",""
"**一个入口一条**,和小程序那边同款(那边也是 14 个入口各一条)

        ⚠️ 填的文案按入口区分,直接复用小程序那份(`common/yunze_Constant.py`)——
        同一个产品,文案只该有一处;映射表在 `page_yunze_h5.py` 的 `CREATE_PROMPTS`。
        ⚠️ **每条消耗 1 条生成配额**(用户 2026-10-09 定的:走完整链路)。","0","创作-广告文案:填内容 → 生成 → 等出结果(每条消耗 1 条配额)","case.h5.yunze","2026-10-11","broken","2026-10-11","TestYunzeH5Create","test_yunze_h5_create","",""
"上一条刚登录成功,这条把账号退出来。

        实测(2026-09-17):退出登录**没有二次确认**,点完直接生效;
        退出后**停在首页**(不是登录页),底部 tab 都还在、「我的」页变成
        「登录/注册」+「剩余对话次数:0」。","0","退出登录-我的→欢迎回来→退出登录,回到首页且我的页变登录/注册","case.mini.rufeng","2026-10-11","broken","2026-10-11","TestRufengMiniLogin","test_rufeng_mini_login","",""
"⚠️ 消耗 1 条对话配额。

        **判据是""生成真的结束了"",不是""屏幕变了""**(2026-09-16 实测踩到):
        点完重写,先冒出来的全是过程文字 —— 被重新问一遍的问题气泡、「加载中,请稍等」、
        「暂停」按钮 —— 原来那个""等 2 秒看有没有 3 条新文字""的判据当场就满足,
        于是截图拍到的是「加载中」、重写结果一个字都没进画面,用例却报绿(假绿 ✗)。

        而且这家**重写不是原地替换**:它把问题重新问一遍,旧回复留在上面,
        下面新增一个提问气泡 + 新回复 —— 所以""屏幕文字变多""更不能当生成完的信号。

        现在分两段等:
        ① 等它**进入**生成态(20s 没进去 = 这一下点空了,单独报错,别赖生成慢);
        ② 等""生成中""字样**消失**并且回复内容确实变了。","0","消息工具栏-重写(重新生成,回复内容变了)","case.mini.rufeng","2026-10-11","broken","2026-10-11","TestRufengMiniToolbar","test_rufeng_mini_toolbar","",""
"","0","我的页-菜单项齐(要滚着数)","case.h5.yunze","2026-10-11","broken","2026-10-11","TestYunzeH5Mine","test_yunze_h5_mine","",""
"「去开通」那条路:会员中心 → 选【连续包月 ￥29.80/个月】→ 勾同意 →
        立即支付 → 确认办理 → 收银台(不付款)

        和 test_01 是同一条支付链路、不同入口不同套餐(2026-09-16 用户要求)。","0","我的-会员「去开通」选连续包月(走到收银台,不付款)","case.mini.yunze","2026-10-11","skipped","2026-10-11","TestYunzeVip","test_yunze_vip","",""
"点「视频生成」→ 详情页「视频生成」→ 填 `*视频场景` → 立即生成 → 截图 → 返回","0","视频生成输入视频场景并立即生成","case.mini.xingyun","2026-10-11","broken","2026-10-11","TestXingyunSkill","test_xingyun_skill","",""
"","0","外卖好评-生成结果","case.mini.zhiwei","2026-10-11","broken","2026-10-11","TestZhiweiSkill","test_zhiwei_skill","",""
"","0","淘宝好评输入商品名称和卖点并生成","case.mini.fengshu","2026-10-11","broken","2026-10-11","TestFengshuCreate","test_fengshu_create","",""
"详情页「创作」,字段 `*产品名称`","0","产品描述输入产品名称并立即生成","case.mini.xinglian","2026-10-11","broken","2026-10-11","TestXinglianCreate","test_xinglian_create","",""
"进创作 → 英文写作助手 → 校验详情页 → 输入内容 →
        点「立即生成」等出内容 → 截图 → 退出","0","英文写作助手输入写作内容并生成","case.mini.yunze","2026-10-11","broken","2026-10-11","TestYunzeCreate","test_yunze_create","",""
"","0","产品描述输入产品名称并生成","case.mini.jingyao","2026-10-11","broken","2026-10-11","TestJingyaoCreate","test_jingyao_create","",""
"⚠️ **判据看颜色**(树里读不到星标状态):点亮是金色实心星,没点是灰白空心。
        位置从「收藏」这个文字的 rect 推出来,**不写死坐标** ✓
        (2026-10-09 实测:点前后裁图对比过,灰 → 金)","1","工具栏-收藏(星标点亮;顺带给""我的收藏""造数据)","case.h5.yuntu","2026-10-11","broken","2026-10-11","TestYuntuH5Toolbar","test_yuntu_h5_toolbar","",""
"零配额:点开海报 → 截图留证 → **点右上角 X 关掉**。
        (不能按返回键 —— 实测 back() 连按 3 次都回不来 ✗)

        **海报是现生成的,要等几十秒**(2026-09-16 实测:点完先出「生成中」转圈浮层,
        十几秒后才出海报,只等 12s 会把已经点对的那次判成失败)。

        **等到确认海报真的开了**再往下走:不开就当场报错,别让后面那个
        ""关闭""动作去盲点坐标 —— 那个 X 和页面顶部「+」几乎重合,盲点会
        **新建会话,把当前对话搞没**(2026-09-16 实测踩到)。","0","消息工具栏-生成海报","case.mini.rufeng","2026-10-11","broken","2026-10-11","TestRufengMiniToolbar","test_rufeng_mini_toolbar","",""
"**一个入口一条**,和小程序那边同款(那边也是 14 个入口各一条)

        ⚠️ 填的文案按入口区分,直接复用小程序那份(`common/yunze_Constant.py`)——
        同一个产品,文案只该有一处;映射表在 `page_yunze_h5.py` 的 `CREATE_PROMPTS`。
        ⚠️ **每条消耗 1 条生成配额**(用户 2026-10-09 定的:走完整链路)。","0","创作-朋友圈文案:填内容 → 生成 → 等出结果(每条消耗 1 条配额)","case.h5.yunze","2026-10-11","broken","2026-10-11","TestYunzeH5Create","test_yunze_h5_create","",""
"接着上一条的状态(还在快捷模式、协议已勾)→ 点「一键快捷登录」→
        (第一次弹隐私指引,点同意)→ 微信「获取手机号」面板 → **点手机号卡片 = 允许**
        → 进首页。

        ⚠️ 那个面板上**没有「允许」按钮**,点手机号卡片才是允许;下面那个是「不允许」。
        ⚠️ 面板**只有""小程序被删过、重进""的第一次才弹** —— 整批第一步就是删小程序 ✓","0","快捷登录-微信一键登录(点手机号卡片授权)","case.mini.yunze","2026-10-11","broken","2026-10-11","TestYunzeMiniLogin","test_yunze_mini_login","",""
"","0","小红书文案-生成结果","case.mini.zhiwei","2026-10-11","broken","2026-10-11","TestZhiweiSkill","test_zhiwei_skill","",""
"按数据摆好输入 → 点登录 → 断言:
        ① 没登进去 ② **expect 里要求的那句提示出现了**(没出现就是红 —— 产品 bug)

        「手机号为空」「密码为空」这两条 expect 是空的:如风自己也没给提示,
        没有文案可以断言,所以只断言没登进去(用户 2026-09-18 定)。","0","登录失败-密码错误","case.mini.zhiwei","2026-10-11","broken","2026-10-11","TestZhiweiMiniLogin","test_zhiwei_mini_login","",""
"详情页「创作」,字段 `*写作内容`","0","英文写作助手写作内容并立即查询","case.mini.xingyun","2026-10-11","broken","2026-10-11","TestXingyunCreate","test_xingyun_create","",""
"按数据摆好输入 → 点登录 → 断言:
        ① 没登进去 ② **expect 里要求的那句提示出现了**(没出现就是红 —— 产品 bug)

        「手机号为空」「密码为空」这两条 expect 是空的:如风自己也没给提示,
        没有文案可以断言,所以只断言没登进去(用户 2026-09-18 定)。","0","登录失败-手机号含字母","case.mini.fengshu","2026-10-11","broken","2026-10-11","TestFengshuMiniLogin","test_fengshu_mini_login","",""
"详情页「创作」,字段 `*视频主题`","0","短视频脚本视频主题并立即生成","case.mini.rufeng","2026-10-11","broken","2026-10-11","TestRufengMiniCreate","test_rufeng_mini_create","",""
"","0","个性签名输入要求并生成","case.mini.yunze","2026-10-11","broken","2026-10-11","TestYunzeCreate","test_yunze_create","",""
"零配额:只是点收藏,不触发生成。

        **必须排在重写后面**(用户 2026-09-16 要求):重写会把这条消息重新生成一遍,
        原来那条上的收藏会被一起吞掉 —— 收藏在前时「我的收藏」页面整个是空的。

        **判据看星的颜色,不看 OCR 认没认出 `★`**:收藏成功后星是金色实心块,
        OCR 经常整块丢掉。风数实测更极端 —— 收藏前后 `toolbar_text()` 都是
        `'C重写收藏生成海报'`,**连 `★`/`☆` 都不给**,只能靠颜色(`favorite_is_on`)。
        风数实测:点之前金色像素 0 → 点之后有 → 再点回 0 ✓

        ⚠️⚠️【待实测】**景曜的星点了是什么颜色、底色会不会污染判据,全没看过**。
        风数当初最怕的就是这个(它是金黄底,靠""气泡下边界 1483 / 工具栏 1517..1579
        差 34px""侥幸躲开)。景曜底是奶油白看着更安全,但**强调色是粉红** ——
        若 `favorite_is_on()` 一直返回 True(点不点都是""已收藏""),说明采样区被
        底色/粉红色污染了,那是要覆盖 `favorite_is_on` 的,不是这条用例的问题。","0","消息工具栏-收藏(星变金色实心)","case.mini.jingyao","2026-10-11","broken","2026-10-11","TestJingyaoToolbar","test_jingyao_toolbar","",""
"取消**第一条**(用户 2026-09-16 要求:只取消一条,不是清空全部)","0","我的收藏-取消一条收藏后列表条目减少","case.mini.yunze","2026-10-11","broken","2026-10-11","TestYunzeMine","test_yunze_mine","",""
"用真账号登一次:① 验证成功路径通 ② **保证跑完这批是登录态**,
        后面的首页/技能/创作用例才有得跑(星灿登出状态下生成次数是 0)。","0","登录-正确的手机号密码能登进去","case.mini.xingcan","2026-10-11","broken","2026-10-11","TestXingcanMiniLogin","test_xingcan_mini_login","",""
"取消**第一条**(用户 2026-09-16 要求:只取消一条,不是清空全部)","0","我的收藏-取消一条收藏后列表条目减少","case.mini.fengshu","2026-10-11","broken","2026-10-11","TestFengshuMine","test_fengshu_mine","",""
"① 到微信的「小程序」面板 → ② 最近使用 → ③ 长按删除星联
        → ④ 断言它从列表消失 → ⑤ 返回面板 → ⑥ 我的小程序 → 进入
        → ⑦ 到登录页并断言。

        ⚠️ 按用户 2026-10-08 写的规则(wxminizc.md),星联是「**不跳转、需要自己
        点击登录页**」那一档 —— 所以 ⑦ 多半要走""自己退+导航""。但**""删了会不会清掉
        登录态""还没有实测结论**,两种都接住,并把实测到的那种打出来。","0","入口-最近使用里删除后仍可从我的小程序进入,并到登录页","case.mini.xinglian","2026-10-11","broken","2026-10-11","TestXinglianMiniEntry","test_xinglian_mini_entry","",""
"详情页「创作」,字段 `*电影主题`","0","电影推荐电影主题并立即查询","case.mini.xingyun","2026-10-11","broken","2026-10-11","TestXingyunCreate","test_xingyun_create","",""
"完整链路:点输入框 → 注入提示词 → 点**纸飞机**(发送) → 断言消息上屏。

        ⚠️ 这家的发送图标是**纸飞机**、在输入框**右边**(和风数一样,云泽换成了上箭头),
        位置走 `SEND_BTN_FROM_RIGHT`(**实测 350**,风数是 141)。
        别退回按 OCR 找图标的写法 —— 纯图标认不出文字。","0","首页输入提示词点击发送","case.mini.jingyao","2026-10-11","broken","2026-10-11","TestJingyaoHome","test_jingyao_home","",""
"**一个入口一条**,和小程序那边同款(那边也是 14 个入口各一条)

        ⚠️ 填的文案按入口区分,直接复用小程序那份(`common/yunze_Constant.py`)——
        同一个产品,文案只该有一处;映射表在 `page_yuntu_h5.py` 的 `CREATE_PROMPTS`。
        ⚠️ **每条消耗 1 条生成配额**(用户 2026-10-09 定的:走完整链路)。","0","创作-翻译助手:填内容 → 生成 → 等出结果(每条消耗 1 条配额)","case.h5.yuntu","2026-10-11","broken","2026-10-11","TestYuntuH5Create","test_yuntu_h5_create","",""
"点「AI绘画」→ 详情页「AI绘画」→ 填描述词 → 立即生成 → 截图 → 返回","0","AI绘画输入描述词并立即生成","case.mini.rufeng","2026-10-11","broken","2026-10-11","TestRufengMiniSkill","test_rufeng_mini_skill","",""
"*生成类型(汇总/日报/周报/月报)是选项控件,点选;
        页面标题本身叫「周报日报」也含「日报」二字,tap_text 取最下方那个才对","0","周报日报输入职位、工作内容并选生成类型","case.mini.xingcan","2026-10-11","broken","2026-10-11","TestXingcanCreate","test_xingcan_create","",""
"创作列表的最后一个入口","0","单身狗导师输入文本内容","case.mini.xingcan","2026-10-11","broken","2026-10-11","TestXingcanCreate","test_xingcan_create","",""
"详情页「创作」,字段 `*地点` + **「语言」选项**(英语/韩语/泰语/中文,
        探针实测默认没选 → 用 `taps` 点一下「中文」确保选中)","0","旅游计划并立即生成","case.mini.rufeng","2026-10-11","broken","2026-10-11","TestRufengMiniCreate","test_rufeng_mini_create","",""
"","0","历史问答-清空记录后一条不剩","case.h5.yunze","2026-10-11","broken","2026-10-11","TestYunzeH5HistoryQa","test_yunze_h5_history_qa","",""
"详情页「创作」,字段 `*餐品名称`","0","外卖好评输入餐品名称并立即生成","case.mini.xinglian","2026-10-11","broken","2026-10-11","TestXinglianCreate","test_xinglian_create","",""
"⚠️ 技能名**不在无障碍树里**(树里只有三个 UUID),所以这里只认标题和免责声明","0","技能页-进得去,标题和免责声明在位","case.h5.yunze","2026-10-11","broken","2026-10-11","TestYunzeH5Skill","test_yunze_h5_skill","",""
"实测(2026-09-18):填「12」点登录 → 页面提示**「验证码长度不符合」** ✓","0","验证码登录-验证码位数不对提示「验证码长度不符合」","case.mini.rufeng","2026-10-11","broken","2026-10-11","TestRufengMiniLogin","test_rufeng_mini_login","",""
"点「音乐生成」→ 详情页「音乐创作」→ 填两个字段 → 立即生成 → 截图 → 返回","0","音乐生成输入歌曲名称与描述并立即生成","case.mini.xingyun","2026-10-11","broken","2026-10-11","TestXingyunSkill","test_xingyun_skill","",""
"","0","菜谱大全-生成结果","case.mini.zhiwei","2026-10-11","broken","2026-10-11","TestZhiweiSkill","test_zhiwei_skill","",""
"旅游计划有语言选项(*语言:中文默认),暂只输入地点","0","旅游计划输入地点并生成","case.mini.yunze","2026-10-11","broken","2026-10-11","TestYunzeCreate","test_yunze_create","",""
"","0","翻译助手输入翻译内容并生成","case.mini.jingyao","2026-10-11","broken","2026-10-11","TestJingyaoCreate","test_jingyao_create","",""
"","0","外卖好评输入餐品名称","case.mini.xingcan","2026-10-11","broken","2026-10-11","TestXingcanCreate","test_xingcan_create","",""
"","0","节日祝福输入节日","case.mini.xingcan","2026-10-11","broken","2026-10-11","TestXingcanCreate","test_xingcan_create","",""
"完整链路:进入知微智语(默认落在 AI问答 tab = 首页)→ 校验首页特征文字 + 底部 4 tab。

        ⚠️ **补这条的原因**(2026-09-28):别家(云泽/星灿/星云/星联/如风智绘)都有一条
        「首页正常展示」冒烟,页面对象里叫 `assert_home()`;而**知微这套是旧式页面对象、
        没有那个方法**,它的首页用例**上来就直接问答** —— 页面要是没起来或者改版了,
        红的是后面那条复杂的问答,得从一堆步骤里往回倒 ✗。冒烟要能**单独**告诉你
        ""首页本身是好的""。

        ⚠️ 所以这里**用现成的原语在用例里写**,不为了形式统一去动页面对象 ✓

        编号 24(不是 01):这个文件的用例是接着历史 Bug 清单编的(25~32),
        插在 25 前面既排最前、又不打乱后面的号 ✓","0","进入小程序后首页正常展示","case.mini.zhiwei","2026-10-11","broken","2026-10-11","TestZhiweiHome","test_zhiwei_home","",""
"⚠️ **这条是给整批跑兜底的,别删**(2026-09-28 补)。

        上一条(test_05)验的是""未登录时点首页输入框跳登录页""——**跑完人停在登录页、
        账号是登出状态**。而整批里排在登录后面的首页/技能/创作/vip **全都需要登录态**
        (这套用例自己的注释就写着""登出状态下生成次数是 0""),不补这一条就是整批一起红 ✗。

        ⚠️ **云泽这条是「补」的,漏了 7 天**:2026-09-21 查出这个问题时,星灿和星联
        当场都补了,而星灿那条的注释里明明写着""**云泽那份同样要补这一条**"" —— 当时漏做。
        结果 `-m yunze` 从登录之后整批断掉(首页 2 + 对话 1 + 技能 4 + 创作 14 + 会员 3,
        共 24 条),2026-09-28 冒烟时才查出来。**云泽是另外两家的母本,母本反而漏了。**

        ⚠️ **别指望""重新拉起微信""能替代这条**:`forceAppLaunch` 重启的是**微信进程**,
        而登录态是**账号级**的(存在小程序自己的存储 / 服务端)—— 重启进程不会把人登回去。
        实测反证:登出状态下 `assert_home()` 照样能过,说明微信确实重新拉起过、页面依然是登出态。

        星云/如风天然没这个问题(它们最后一条是「快捷登录成功」),不用抄这条。

        ⚠️ 这里是 `if ... return` **不是 `pytest.skip`**:
        test_10(验证码登录成功)跑完**账号本来就是登录态的**,这条的活儿已经完成了
        —— 跳过是""没做"",return 是""不用做"",报告里不该记成跳过 ✓","0","收尾-把账号登回去(后面的用例都要登录态)","case.mini.yunze","2026-10-11","broken","2026-10-11","TestYunzeMiniLogin","test_yunze_mini_login","",""
"按数据摆好输入 → 点登录 → 断言:
        ① 没登进去 ② **expect 里要求的那句提示出现了**(没出现就是红 —— 产品 bug)

        「手机号为空」「密码为空」这两条 expect 是空的:如风自己也没给提示,
        没有文案可以断言,所以只断言没登进去(用户 2026-09-18 定)。","0","登录失败-手机号全非数字","case.mini.xingcan","2026-10-11","broken","2026-10-11","TestXingcanMiniLogin","test_xingcan_mini_login","",""
"按数据摆好输入 → 点登录 → 断言:
        ① 没登进去 ② **expect 里要求的那句提示出现了**(没出现就是红 —— 产品 bug)

        「手机号为空」「密码为空」这两条 expect 是空的:如风自己也没给提示,
        没有文案可以断言,所以只断言没登进去(用户 2026-09-18 定)。","0","登录失败-手机号未注册","case.mini.fengshu","2026-10-11","broken","2026-10-11","TestFengshuMiniLogin","test_fengshu_mini_login","",""
"这条是后面 9 条的前提:① 已登录就先退出 ② 走到登录页(走「我的 → 登录/注册」;
        星灿**不会自动跳登录页** —— 用户 2026-09-18 亲口说明,实测也确认了)。
        失败的话后面全部跳过,不会连锁报一堆假失败。

        **已经在登录页就什么都不做**:整批跑的时候前面那条入口用例(删最近使用 →
        重进 → 我的 → 登录页)已经把我们带到登录页了,这里再""退出登录 + 导航""一遍
        反而会切走页面、白花时间。","0","登录页-先把账号退出来并走到登录页","case.mini.xingcan","2026-10-11","broken","2026-10-11","TestXingcanMiniLogin","test_xingcan_mini_login","",""
"我的 → 1元1天 → 会员中心 → 选【一元套餐】1元体验 → 勾同意 →
        立即支付 → 确认办理 → 收银台截图 → 退出

        报告里:
        - 「选择【一元套餐】1元体验」→ 附 `rufeng_mini_vip_package.png`(套餐卡片 + 金额)
        - 「走到收银台」那步 → 附**文字证据**(前台 activity 名);
          **收银台本身截不了图** —— 微信支付页禁止截屏(FLAG_SECURE),拍出来是全黑,
          所以那一步没有图。金额还是看上面那张套餐图 ✓
        这样翻报告时一眼能看出""点的是不是一元套餐、金额对不对"" ✓","0","我的-1元会员支付链路(走到收银台,不付款)","case.mini.rufeng","2026-10-11","broken","2026-10-11","TestRufengMiniVip","test_rufeng_mini_vip","",""
"取消**第一条**(用户 2026-09-16 要求:只取消一条,不是清空全部)","0","我的收藏-取消一条收藏后列表条目减少","case.mini.xingyun","2026-10-11","broken","2026-10-11","TestXingyunMine","test_xingyun_mine","",""
"详情页「创作」,字段 `*产品名称`","0","产品描述产品名称并立即查询","case.mini.xingyun","2026-10-11","broken","2026-10-11","TestXingyunCreate","test_xingyun_create","",""
"点底部「应用」tab → 校验 SKILL_NAMES 里的入口都在 → 截图留证。
        **不消耗配额**","0","应用tab展示AI入口","case.mini.xingyun","2026-10-11","broken","2026-10-11","TestXingyunSkill","test_xingyun_skill","",""
"","0","菜谱大全输入菜品名称","case.mini.xingcan","2026-10-11","broken","2026-10-11","TestXingcanCreate","test_xingcan_create","",""
"点底部「技能」tab → 校验 SKILL_NAMES 里的 3 个入口都在(finder 内置重试)
        → 截图留证。**不消耗配额**","0","技能tab展示AI入口","case.mini.rufeng","2026-10-11","broken","2026-10-11","TestRufengMiniSkill","test_rufeng_mini_skill","",""
"按数据摆好输入 → 点登录 → 断言:
        ① 没登进去 ② **expect 里要求的那句提示出现了**(没出现就是红 —— 产品 bug)

        「手机号为空」「密码为空」这两条 expect 是空的:如风自己也没给提示,
        没有文案可以断言,所以只断言没登进去(用户 2026-09-18 定)。","0","登录失败-手机号全非数字","case.mini.xinglian","2026-10-11","broken","2026-10-11","TestXinglianMiniLogin","test_xinglian_mini_login","",""
"按数据摆好输入 → 点登录 → 断言:
        ① 没登进去 ② **expect 里要求的那句提示出现了**(没出现就是红 —— 产品 bug)

        「手机号为空」「密码为空」这两条 expect 是空的:如风自己也没给提示,
        没有文案可以断言,所以只断言没登进去(用户 2026-09-18 定)。","0","登录失败-手机号为空","case.mini.xinglian","2026-10-11","broken","2026-10-11","TestXinglianMiniLogin","test_xinglian_mini_login","",""
"按数据摆好输入 → 点登录 → 断言:
        ① 没登进去 ② **expect 里要求的那句提示出现了**(没出现就是红 —— 产品 bug)

        「手机号为空」「密码为空」这两条 expect 是空的:如风自己也没给提示,
        没有文案可以断言,所以只断言没登进去(用户 2026-09-18 定)。","0","登录失败-手机号为空","case.mini.zhiwei","2026-10-11","broken","2026-10-11","TestZhiweiMiniLogin","test_zhiwei_mini_login","",""
"详情页「创作」,字段 `*简要描述`","0","小红书文案简要描述并立即查询","case.mini.xingyun","2026-10-11","broken","2026-10-11","TestXingyunCreate","test_xingyun_create","",""
"按数据摆好输入 → 点登录 → 断言:
        ① 没登进去 ② **expect 里要求的那句提示出现了**(没出现就是红 —— 产品 bug)

        「手机号为空」「密码为空」这两条 expect 是空的:如风自己也没给提示,
        没有文案可以断言,所以只断言没登进去(用户 2026-09-18 定)。","0","登录失败-未勾协议","case.mini.zhiwei","2026-10-11","broken","2026-10-11","TestZhiweiMiniLogin","test_zhiwei_mini_login","",""
"填好(或故意留空)→ 点登录 → 断言:
        ① 没登进去 ② **expect 里要求的那句提示出现了**(没出现就是红 —— 产品 bug)

        整批跑的时候前面那条入口用例(删最近使用 → 我的小程序 → 打开)已经把页面
        带到登录页了;单独跑这个文件时账号可能是登录态,那就自己退出来再走到登录页。

        ⚠️ 「密码错误」那条对真账号是一次真实失败尝试,一轮只跑一次。","0","登录失败-未勾协议","case.mini.rufeng","2026-10-11","broken","2026-10-11","TestRufengMiniLogin","test_rufeng_mini_login","",""
"这条是后面 9 条的前提:① 已登录就先退出 ② 走到登录页(走「我的 → 登录/注册」;
        景曜智汇**不会自动跳登录页** —— 用户 2026-09-18 亲口说明,实测也确认了)。
        失败的话后面全部跳过,不会连锁报一堆假失败。

        **已经在登录页就什么都不做**:整批跑的时候前面那条入口用例(删最近使用 →
        重进 → 我的 → 登录页)已经把我们带到登录页了,这里再""退出登录 + 导航""一遍
        反而会切走页面、白花时间。","0","登录页-先把账号退出来并走到登录页","case.mini.jingyao","2026-10-11","broken","2026-10-11","TestJingyaoMiniLogin","test_jingyao_mini_login","",""
"按数据摆好输入 → 点登录 → 断言:
        ① 没登进去 ② **expect 里要求的那句提示出现了**(没出现就是红 —— 产品 bug)

        「手机号为空」「密码为空」这两条 expect 是空的:如风自己也没给提示,
        没有文案可以断言,所以只断言没登进去(用户 2026-09-18 定)。","0","登录失败-密码为空","case.mini.jingyao","2026-10-11","broken","2026-10-11","TestJingyaoMiniLogin","test_jingyao_mini_login","",""
"零配额:只是点收藏,不触发生成。

        **必须排在重写后面**(用户 2026-09-16 要求):重写会把这条消息重新生成一遍,
        原来那条上的收藏会被一起吞掉 —— 收藏在前时「我的收藏」页面整个是空的。

        **判据看星的颜色,不看 OCR 认没认出 `★`**(如风 2026-09-16 实测踩到):
        收藏成功后星是金色实心块,**OCR 经常整块丢掉** —— 字符串里既没 ★ 也没 ☆,
        截图里星明明是金的,用例却判红。所以不靠文字,直接数金色像素
        (`page_yunze_home.favorite_is_on`)。","0","消息工具栏-收藏(星变金色实心)","case.mini.xingyun","2026-10-11","broken","2026-10-11","TestXingyunToolbar","test_xingyun_toolbar","",""
"上一条刚退出登录,这条点首页的输入框 —— 用户 2026-09-17 说明的产品行为:
        **未登录时点输入框不会聚焦输入,而是整页跳到登录页**。

        ⚠️ 星云退出后**直接就在登录页**上(见上一条),那就没有""登出状态的首页""可点
        —— 这条跳过(不是失败)。","0","未登录时点首页输入框会直接跳到登录页","case.mini.xingcan","2026-10-11","broken","2026-10-11","TestXingcanMiniLogin","test_xingcan_mini_login","",""
"详情页「创作」,字段 `*要求`","0","个性签名输入要求并立即生成","case.mini.xinglian","2026-10-11","broken","2026-10-11","TestXinglianCreate","test_xinglian_create","",""
"详情页「创作」,字段 `*作文题目`","0","写作文作文题目并立即查询","case.mini.xingyun","2026-10-11","broken","2026-10-11","TestXingyunCreate","test_xingyun_create","",""
"","0","菜谱大全输入菜品名称并生成","case.mini.fengshu","2026-10-11","broken","2026-10-11","TestFengshuCreate","test_fengshu_create","",""
"按数据摆好输入 → 点登录 → 断言:
        ① 没登进去 ② **expect 里要求的那句提示出现了**(没出现就是红 —— 产品 bug)

        「手机号为空」「密码为空」这两条 expect 是空的:如风自己也没给提示,
        没有文案可以断言,所以只断言没登进去(用户 2026-09-18 定)。","0","登录失败-未勾协议","case.mini.xinglian","2026-10-11","broken","2026-10-11","TestXinglianMiniLogin","test_xinglian_mini_login","",""
"详情页「创作」,字段 `*要求`","0","个性签名并立即生成","case.mini.rufeng","2026-10-11","broken","2026-10-11","TestRufengMiniCreate","test_rufeng_mini_create","",""
"","0","写作文输入作文题目并生成","case.mini.jingyao","2026-10-11","broken","2026-10-11","TestJingyaoCreate","test_jingyao_create","",""
"","0","短视频脚本-生成结果","case.mini.zhiwei","2026-10-11","broken","2026-10-11","TestZhiweiSkill","test_zhiwei_skill","",""
"⚠️ 消耗 2 条对话配额(「继续」是否额外消耗待实测确认)","0","AI问答-两轮问答(第1轮答完点继续续写,第2轮点加号新建会话)","case.mini.fengshu","2026-10-11","broken","2026-10-11","TestFengshuChat","test_fengshu_chat","",""
"填好(或故意留空)→ 点登录 → 断言:
        ① 没登进去 ② **expect 里要求的那句提示出现了**(没出现就是红 —— 产品 bug)

        整批跑的时候前面那条入口用例(删最近使用 → 我的小程序 → 打开)已经把页面
        带到登录页了;单独跑这个文件时账号可能是登录态,那就自己退出来再走到登录页。

        ⚠️ 「密码错误」那条对真账号是一次真实失败尝试,一轮只跑一次。","0","登录失败-密码错误","case.mini.rufeng","2026-10-11","broken","2026-10-11","TestRufengMiniLogin","test_rufeng_mini_login","",""
"本来就空的话跳过 —— 清完还是空的,断言等于没验证","0","历史问答-逐条删除会话直到清空","case.mini.jingyao","2026-10-11","broken","2026-10-11","TestJingyaoHistory","test_jingyao_history_qa","",""
"","0","英文写作输入写作内容","case.mini.xingcan","2026-10-11","broken","2026-10-11","TestXingcanCreate","test_xingcan_create","",""
"零配额:点开海报 → 截图留证 → **点右上角 X 关掉**。
        (不能按返回键 —— 如风实测 back() 连按 3 次都回不来 ✗)

        **海报是现生成的,要等几十秒**(如风 2026-09-16 实测:点完先出「生成中」转圈浮层,
        十几秒后才出海报,只等 12s 会把已经点对的那次判成失败)。

        **等到确认海报真的开了**再往下走:不开就当场报错,别让后面那个
        ""关闭""动作去盲点坐标 —— 那个 X 和页面顶部「+」几乎重合,盲点会
        **新建会话,把当前对话搞没**(如风 2026-09-16 实测踩到)。

        ⚠️⚠️【待实测】**景曜两处都没量**:
          · **""海报开没开""的判据** —— 风数那次第一次跑就红在这儿。风数海报能滚动,
            共享判据认的「保存图片到相册」被回复挤到屏幕外 ✗,所以风数覆盖成了
            ""再认一个不看滚动的卡片抬头行""。景曜这份的 `POSTER_MARKS` 我填的是
            `('景曜智汇',)` —— **那是从风数照搬的猜测**,景曜海报抬头写什么没看过。
            若这条报""60s 海报都没出来""而截图里海报明明开着 → 改 `POSTER_MARKS`。
          · **关闭点** —— 风数实测 X 在 (1245,552)、共享默认 (1235,552) 差 10px 够用,
            所以**没覆盖**。景曜的 X 在哪没量过 → 若关不掉(或""关完没回到会话""),
            量出真坐标覆盖 `POSTER_CLOSE_XY`。","0","消息工具栏-生成海报","case.mini.jingyao","2026-10-11","broken","2026-10-11","TestJingyaoToolbar","test_jingyao_toolbar","",""
"**一个入口一条**,和小程序那边同款(那边也是 14 个入口各一条)

        ⚠️ 填的文案按入口区分,直接复用小程序那份(`common/yunze_Constant.py`)——
        同一个产品,文案只该有一处;映射表在 `page_yuntu_h5.py` 的 `CREATE_PROMPTS`。
        ⚠️ **每条消耗 1 条生成配额**(用户 2026-10-09 定的:走完整链路)。","0","创作-短视频脚本:填内容 → 生成 → 等出结果(每条消耗 1 条配额)","case.h5.yuntu","2026-10-11","broken","2026-10-11","TestYuntuH5Create","test_yuntu_h5_create","",""
"校验大标题 + 免责声明 + 输入栏(判据见 `PageFengshu.assert_home`)。

        ⚠️ **开头必须先切回首页**(2026-09-29 记):登录那一段走的是
        「个人中心 → 未登录」,**登完停在「个人中心」页**;而那一页的菜单行和首页
        输入栏几乎重合,不切就直接发,第一下会点开菜单而不是输入框 ✗
        (云泽那边踩过同一个坑,见 test_yunze_chat.py 的 on_home_tab)。","0","进入小程序后首页正常展示","case.mini.fengshu","2026-10-11","broken","2026-10-11","TestFengshuHome","test_fengshu_home","",""
"按数据摆好输入 → 点登录 → **只断言""没登进去""**

        ⚠️ **提示文案不断言**(用户 2026-09-24 定):""不用去分别对不对,只要错误的
        没登进去,然后具体的提示词我去报告里自己看就行"" —— 抓到的文字原样 attach 进
        报告,人工核对。**和小程序那套(""该给的提示没给 = 红"")口径不同,是有意为之。**
        好处:产品文案怎么改都不会造成假红 ✓ 而且提示是不是该给,看报告一眼就知道。

        H5 的提示是 uni-app 的 toast,和页面一样进无障碍树 —— 但只活约 1 秒,
        所以**点完立刻截图 + 读一次当前文字**,不去连拍。","0","登录失败-手机号含字母","case.h5.yunze","2026-10-11","broken","2026-10-11","TestYunzeH5Login","test_yunze_h5_login","",""
"详情页「创作」,字段 `*简要描述`","0","小红书文案简要描述并立即生成","case.mini.rufeng","2026-10-11","broken","2026-10-11","TestRufengMiniCreate","test_rufeng_mini_create","",""
"实测(2026-09-18 如风/星云):填「12」点登录 → **「验证码长度不符合」** ✓","0","验证码登录-验证码位数不对提示「验证码长度不符合」","case.mini.xingcan","2026-10-11","broken","2026-10-11","TestXingcanMiniLogin","test_xingcan_mini_login","",""
"按数据摆好输入 → 点登录 → 断言:
        ① 没登进去 ② **expect 里要求的那句提示出现了**(没出现就是红 —— 产品 bug)

        「手机号为空」「密码为空」这两条 expect 是空的:如风自己也没给提示,
        没有文案可以断言,所以只断言没登进去(用户 2026-09-18 定)。","0","登录失败-密码为空","case.mini.xingcan","2026-10-11","broken","2026-10-11","TestXingcanMiniLogin","test_xingcan_mini_login","",""
"按数据摆好输入 → 点登录 → 断言:
        ① 没登进去 ② **expect 里要求的那句提示出现了**(没出现就是红 —— 产品 bug)

        「手机号为空」「密码为空」这两条 expect 是空的:如风自己也没给提示,
        没有文案可以断言,所以只断言没登进去(用户 2026-09-18 定)。","0","登录失败-手机号位数多","case.mini.xinglian","2026-10-11","broken","2026-10-11","TestXinglianMiniLogin","test_xinglian_mini_login","",""
"点 AI绘画 → 校验详情页 → 输入描述词 → 点「立即生成」
        (跳创作记录页,不等生成完成)→ 截图 → 返回列表","0","AI绘画输入描述词并立即生成","case.mini.yunze","2026-10-11","broken","2026-10-11","TestYunzeSkill","test_yunze_skill","",""
"详情页「创作」,字段 `*工作内容`+`*生成类型`(生成类型默认已选日报,
        走 create_daily_report 那套:填内容 + 点一下「日报」确保选中)","0","日报生成器工作内容并立即生成","case.mini.rufeng","2026-10-11","broken","2026-10-11","TestRufengMiniCreate","test_rufeng_mini_create","",""
"**一个入口一条**,和小程序那边同款(那边也是 14 个入口各一条)

        ⚠️ 填的文案按入口区分,直接复用小程序那份(`common/yunze_Constant.py`)——
        同一个产品,文案只该有一处;映射表在 `page_yunze_h5.py` 的 `CREATE_PROMPTS`。
        ⚠️ **每条消耗 1 条生成配额**(用户 2026-10-09 定的:走完整链路)。","0","创作-工作总结:填内容 → 生成 → 等出结果(每条消耗 1 条配额)","case.h5.yunze","2026-10-11","broken","2026-10-11","TestYunzeH5Create","test_yunze_h5_create","",""
"点「AI音乐」(音乐生成那张卡)→ 详情页「音乐创作」→ 填两个字段
        → 点「立即生成」(跳创作记录页,不等生成完成)→ 截图 → 返回列表","0","AI音乐输入歌曲名称与描述并立即生成","case.mini.rufeng","2026-10-11","broken","2026-10-11","TestRufengMiniSkill","test_rufeng_mini_skill","",""
"填好(或故意留空)→ 点登录 → 断言:
        ① 没登进去 ② **expect 里要求的那句提示出现了**(没出现就是红 —— 产品 bug)

        整批跑的时候前面那条入口用例(删最近使用 → 我的小程序 → 打开)已经把页面
        带到登录页了;单独跑这个文件时账号可能是登录态,那就自己退出来再走到登录页。

        ⚠️ 「密码错误」那条对真账号是一次真实失败尝试,一轮只跑一次。","0","登录失败-密码为空","case.mini.rufeng","2026-10-11","broken","2026-10-11","TestRufengMiniLogin","test_rufeng_mini_login","",""
"完整链路:点输入框 → 注入提示词 → 点上箭头(发送)→ 断言消息上屏,
        截图留证(发送按钮和输入栏都是纯图标,按 rpx 边距反推,不做 OCR)","0","首页输入提示词点击发送","case.mini.rufeng","2026-10-11","broken","2026-10-11","TestRufengMiniHome","test_rufeng_mini_home","",""
"我的 →「**去开通**」→ 会员中心(**连续订阅**那组)→ 点「**连续包月 ￥39.90/1个月**」→
        勾同意 → 立即支付 →(有确认页就点确认)→ 收银台 → 退出

        用户 2026-10-09 要的就是这条(""开通会员里的支付也铺上"")——「我的」页上那个
        **「开通会员」卡片,按钮写的是「去开通」**,和「1元1天」是**两个入口、同一个
        会员中心页**,只是默认展示的套餐组不一样(见文件头那段 A/B)。

        ⚠️ **必须点套餐卡**:「去开通」进来时两张卡**都没选中**(协议行 y=2846)——
        不点就点「立即支付」的话页面**纹丝不动**,只弹一个活 1~2 秒的
        「请选择会员套餐」,20s 后报「既没出现确认办理、也没有任何报错提示」,
        **看着像按钮坏了** ✗(test_33 那条踩过一次,见它的说明)。
        点中之后:整块底部上跳 35px(2846→**2811**)、底部支付栏出现「￥39.90」✓
        (2026-10-09 探针 `_probe_jingyao_vip9.py` 实测,**一下点中**,不用点第二次)

        ⚠️ **套餐常量别拿 test_33 的**:「一元套餐」这四个字在「去开通」这屏上
        **一个都没有**;⚠️ **也别直接吃父类(风数)那套**:风数叫
        「连续**包月会员**」,共享的 `tap_text` 是包含匹配、**一次都命不中** ✗
        —— 景曜自己那份在 `page_jingyao.py` 里配好了(`VIP_PKG_CONTINUOUS`)。

        ⚠️ 连续订阅这档的协议文案会**多一段**:「同意《用户支付协议**及连续订阅协议**》、…」
        —— `_tick_agreement` 是按""含『同意』的那一行""找的,吃得下 ✓(探针实测返回 True)

        金额靠 `jingyao_34_vip_continuous.png` 那张截图核对 ✓

        ⚠️ 这条是上面那个产品 bug 的观测点之一:三条一起看,报告里才分得清
        ""是某一个入口/套餐坏了""还是""整个支付都坏了""(现在是后者)。
        **它变绿的那天 = 产品把支付修好了** ✓","0","个人中心-「去开通」选连续包月(走到收银台,不付款)","case.mini.jingyao","2026-10-11","broken","2026-10-11","TestJingyaoVip","test_jingyao_vip","",""
"","0","电影推荐输入电影主题并生成","case.mini.jingyao","2026-10-11","broken","2026-10-11","TestJingyaoCreate","test_jingyao_create","",""
"实测(2026-09-18 星云):验证码留空点登录 → **一个字都没有**(不校验提示,
        和「密码为空」一个口径)。只断言没登进去。","0","验证码登录-验证码为空点登录无提示","case.mini.fengshu","2026-10-11","broken","2026-10-11","TestFengshuMiniLogin","test_fengshu_mini_login","",""
"按数据摆好输入 → 点登录 → 断言:
        ① 没登进去 ② **expect 里要求的那句提示出现了**(没出现就是红 —— 产品 bug)

        「手机号为空」「密码为空」这两条 expect 是空的:如风自己也没给提示,
        没有文案可以断言,所以只断言没登进去(用户 2026-09-18 定)。","0","登录失败-密码错误","case.mini.xinglian","2026-10-11","broken","2026-10-11","TestXinglianMiniLogin","test_xinglian_mini_login","",""
"按数据摆好输入 → 点登录 → **只断言""没登进去""**

        ⚠️ **提示文案不断言**(用户 2026-09-24 定):""不用去分别对不对,只要错误的
        没登进去,然后具体的提示词我去报告里自己看就行"" —— 抓到的文字原样 attach 进
        报告,人工核对。**和小程序那套(""该给的提示没给 = 红"")口径不同,是有意为之。**
        好处:产品文案怎么改都不会造成假红 ✓ 而且提示是不是该给,看报告一眼就知道。

        H5 的提示是 uni-app 的 toast,和页面一样进无障碍树 —— 但只活约 1 秒,
        所以**点完立刻截图 + 读一次当前文字**,不去连拍。","0","登录失败-手机号位数少","case.h5.yunze","2026-10-11","broken","2026-10-11","TestYunzeH5Login","test_yunze_h5_login","",""
"点着走:「我的」→「登录/注册」

        ⚠️ 2026-10-09 起**不再敲 URL** —— 载体换成百度 App 了(没有 CDP 通道),
        而且**底部 tab 在它的无障碍树里点得着**(Chrome 那边才读不到、只能敲 URL)","0","登录页-走到登录页并断言","case.h5.yunze","2026-10-11","broken","2026-10-11","TestYunzeH5Login","test_yunze_h5_login","",""
"点 AI视频 → 校验详情页 → 输入视频场景 → 点「立即生成」
        (跳创作记录页,不等生成完成)→ 截图 → 返回列表","0","AI视频输入视频场景并立即生成","case.mini.yunze","2026-10-11","broken","2026-10-11","TestYunzeSkill","test_yunze_skill","",""
"实测(2026-09-18):验证码留空点登录 → **一个字都没有**(不校验提示,
        和「密码为空」一个口径:没有文案可断言)。只断言没登进去。","0","验证码登录-验证码为空点登录无提示","case.mini.rufeng","2026-10-11","broken","2026-10-11","TestRufengMiniLogin","test_rufeng_mini_login","",""
"**一个入口一条**,和小程序那边同款(那边也是 14 个入口各一条)

        ⚠️ 填的文案按入口区分,直接复用小程序那份(`common/yunze_Constant.py`)——
        同一个产品,文案只该有一处;映射表在 `page_yuntu_h5.py` 的 `CREATE_PROMPTS`。
        ⚠️ **每条消耗 1 条生成配额**(用户 2026-10-09 定的:走完整链路)。","0","创作-广告文案:填内容 → 生成 → 等出结果(每条消耗 1 条配额)","case.h5.yuntu","2026-10-11","broken","2026-10-11","TestYuntuH5Create","test_yuntu_h5_create","",""
"**一个入口一条**,和小程序那边同款(那边也是 14 个入口各一条)

        ⚠️ 填的文案按入口区分,直接复用小程序那份(`common/yunze_Constant.py`)——
        同一个产品,文案只该有一处;映射表在 `page_yuntu_h5.py` 的 `CREATE_PROMPTS`。
        ⚠️ **每条消耗 1 条生成配额**(用户 2026-10-09 定的:走完整链路)。","0","创作-产品描述:填内容 → 生成 → 等出结果(每条消耗 1 条配额)","case.h5.yuntu","2026-10-11","broken","2026-10-11","TestYuntuH5Create","test_yuntu_h5_create","",""
"填好(或故意留空)→ 点登录 → 断言:
        ① 没登进去 ② **expect 里要求的那句提示出现了**(没出现就是红 —— 产品 bug)

        整批跑的时候前面那条入口用例(删最近使用 → 我的小程序 → 打开)已经把页面
        带到登录页了;单独跑这个文件时账号可能是登录态,那就自己退出来再走到登录页。

        ⚠️ 「密码错误」那条对真账号是一次真实失败尝试,一轮只跑一次。","0","登录失败-手机号含字母","case.mini.rufeng","2026-10-11","broken","2026-10-11","TestRufengMiniLogin","test_rufeng_mini_login","",""
"按数据摆好输入 → 点登录 → 断言:
        ① 没登进去 ② **expect 里要求的那句提示出现了**(没出现就是红 —— 产品 bug)

        「手机号为空」「密码为空」这两条 expect 是空的:如风自己也没给提示,
        没有文案可以断言,所以只断言没登进去(用户 2026-09-18 定)。","0","登录失败-未勾协议","case.mini.xingcan","2026-10-11","broken","2026-10-11","TestXingcanMiniLogin","test_xingcan_mini_login","",""
"和小程序那边的「我的收藏」同口径:进去 → 取消一条 → 条目数减一

        ⚠️ **前置**:列表里得**至少有一条** —— 由工具栏那条(点「收藏」)造出来,
        `FILE_ORDER` 里工具栏排在它前面 ✓。单跑这个文件时列表可能是空的,
        这时**明确报出来**(别让人以为是产品 bug)。
        ⚠️ 收藏**打开就有**,不用下拉刷新(2026-10-10 确认)。
        ⚠️ 判据用「取消收藏」那句(每条收藏下面都有一个),它**带文字** ✓ 定位稳。","0","我的收藏-取消一条后列表条目减少","case.h5.yunze","2026-10-11","broken","2026-10-11","TestYunzeH5Mine","test_yunze_h5_mine","",""
"点底部第 3 个图标(tab 上没有文字,按坐标)→ 校验三个入口都在
        (`find_text` OCR 定位,分辨率自适应;找不到抛错)→ 截图留证。

        **零配额**的一条,顺带当""技能页还活着""的哨兵 —— 三个入口任何一个
        改版删了,这条先红,后面三条就不用挨个等超时了。","0","AI技能tab展示三个AI入口","case.mini.jingyao","2026-10-11","broken","2026-10-11","TestJingyaoSkill","test_jingyao_skill","",""
"**一个入口一条**,和小程序那边同款(那边也是 14 个入口各一条)

        ⚠️ 填的文案按入口区分,直接复用小程序那份(`common/yunze_Constant.py`)——
        同一个产品,文案只该有一处;映射表在 `page_yunze_h5.py` 的 `CREATE_PROMPTS`。
        ⚠️ **每条消耗 1 条生成配额**(用户 2026-10-09 定的:走完整链路)。","0","创作-个性签名:填内容 → 生成 → 等出结果(每条消耗 1 条配额)","case.h5.yunze","2026-10-11","broken","2026-10-11","TestYunzeH5Create","test_yunze_h5_create","",""
"","0","视频生成输入视频场景并立即生成","case.mini.xingcan","2026-10-11","broken","2026-10-11","TestXingcanSkill","test_xingcan_skill","",""
"⚠️ **这条是给整批跑兜底的,别删**(2026-09-21 加)。

        上一条(test_05)验的是""未登录时点首页输入框跳登录页""——**跑完人停在登录页、
        账号是登出状态**。而整批里排在登录后面的首页/创作/技能/chat **全都需要登录态**
        (这套用例自己的注释就写着""登出状态下生成次数是 0""),不补这一条就是整批一起红 ✗。

        星云/如风天然没这个问题(它们最后一条是「快捷登录成功」)——
        云泽和星联是""照着云泽那份抄的"",所以两家都缺(云泽 2026-09-28 也补上了)。

        ⚠️ 这里是 `if ... return` **不是 `pytest.skip`**:
        test_10(验证码登录成功)跑完**账号本来就是登录态的**,这条的活儿已经完成了
        —— 跳过是""没做"",return 是""不用做"",报告里不该记成跳过 ✓","0","收尾-把账号登回去(后面的用例都要登录态)","case.mini.xinglian","2026-10-11","broken","2026-10-11","TestXinglianMiniLogin","test_xinglian_mini_login","",""
"**一个入口一条**,和小程序那边同款(那边也是 14 个入口各一条)

        ⚠️ 填的文案按入口区分,直接复用小程序那份(`common/yunze_Constant.py`)——
        同一个产品,文案只该有一处;映射表在 `page_yuntu_h5.py` 的 `CREATE_PROMPTS`。
        ⚠️ **每条消耗 1 条生成配额**(用户 2026-10-09 定的:走完整链路)。","0","创作-个性签名:填内容 → 生成 → 等出结果(每条消耗 1 条配额)","case.h5.yuntu","2026-10-11","broken","2026-10-11","TestYuntuH5Create","test_yuntu_h5_create","",""
"上一条刚退出登录(停在首页),这条点首页的输入框 —— 用户 2026-09-17 说明的行为:
        **未登录时点输入框不会聚焦输入,而是整页跳到登录页**。","0","未登录时点首页输入框会直接跳到登录页","case.mini.rufeng","2026-10-11","broken","2026-10-11","TestRufengMiniLogin","test_rufeng_mini_login","",""
"认的是**结构性文字**:标题 + 输入框

        ⚠️ 和云泽那边同一个道理:别把**后端配置驱动**的栏目名/卡片名写进判据
        (`api/index/config` 一挂,name 就跟着变)✓ 也别用**空态才有的**栏目名
        (`猜你想问` 那种:首页有对话记录时就没有了)✓","0","首页-关键元素都在","case.h5.yuntu","2026-10-11","broken","2026-10-11","TestYuntuH5Home","test_yuntu_h5_home","",""
"详情页「创作」,字段 `*产品要求`","0","广告文案产品要求并立即查询","case.mini.xingyun","2026-10-11","broken","2026-10-11","TestXingyunCreate","test_xingyun_create","",""
"⚠️ 消耗 2 条对话配额(「继续」是否额外消耗待实测确认)","0","AI问答-两轮问答(第1轮答完点继续续写,第2轮点加号新建会话)","case.mini.xingyun","2026-10-11","broken","2026-10-11","TestXingyunChat","test_xingyun_chat","",""
"「去开通」→ 会员中心 → 选【单月会员 ￥45.80/个月】→ 勾同意 → 立即支付 →
        确认办理 → 收银台(不付款)

        ⚠️ **这条是用户 2026-09-21 要求加的**,理由很实在:同一天实测发现
        **「连续包月 ¥39.90」在云泽点「立即支付」必报「暂时无法开通此服务 / 商家系统错误」**
        (用户确认""只有连续包月是这样""),而**「单月会员 ¥45.80」用户手动试是可以支付的** ✓。
        两条一起看,报告里就分得清是""这一个套餐开不通""还是""整条支付链路坏了"" ✓

        ⚠️ **云泽和如风的定价不一样**:云泽连续包月 ¥39.90、单月 ¥45.80
        (如风那边配置注释里写的是连续包月 ¥29.80)—— 套餐名和价格都**别照抄别家**。","0","我的-会员「去开通」选单月会员(走到收银台,不付款)","case.mini.yunze","2026-10-11","broken","2026-10-11","TestYunzeVip","test_yunze_vip","",""
"上一条刚登录成功,这条把账号退出来。

        ⚠️ **各家退出来落在哪不一样**(2026-09-18 实测):
        如风/云泽退回**首页**;星云智点**直接落在登录页** —— 所以断言只看
        ""没登录态了""这个共同点,不假设停在哪一页。","0","退出登录-退出后「我的」页变成登出态","case.mini.yunze","2026-10-11","broken","2026-10-11","TestYunzeMiniLogin","test_yunze_mini_login","",""
"按数据摆好输入 → 点登录 → **只断言""没登进去""**

        ⚠️ **提示文案不断言**(用户 2026-09-24 定):""不用去分别对不对,只要错误的
        没登进去,然后具体的提示词我去报告里自己看就行"" —— 抓到的文字原样 attach 进
        报告,人工核对。**和小程序那套(""该给的提示没给 = 红"")口径不同,是有意为之。**
        好处:产品文案怎么改都不会造成假红 ✓ 而且提示是不是该给,看报告一眼就知道。

        H5 的提示是 uni-app 的 toast,和页面一样进无障碍树 —— 但只活约 1 秒,
        所以**点完立刻截图 + 读一次当前文字**,不去连拍。","0","登录失败-密码为空","case.h5.yunze","2026-10-11","broken","2026-10-11","TestYunzeH5Login","test_yunze_h5_login","",""
"**一个入口一条**,和小程序那边同款(那边也是 14 个入口各一条)

        ⚠️ 填的文案按入口区分,直接复用小程序那份(`common/yunze_Constant.py`)——
        同一个产品,文案只该有一处;映射表在 `page_yuntu_h5.py` 的 `CREATE_PROMPTS`。
        ⚠️ **每条消耗 1 条生成配额**(用户 2026-10-09 定的:走完整链路)。","0","创作-小红书文案:填内容 → 生成 → 等出结果(每条消耗 1 条配额)","case.h5.yuntu","2026-10-11","broken","2026-10-11","TestYuntuH5Create","test_yuntu_h5_create","",""
"填正确手机号 + 正确密码 → 勾协议 → 点登录 → 断言底部 4 个 tab 出来(进到小程序里)
        → 再断言首页大标题「如风智绘」在 → 截图留证。

        **必须放在失败那批之后**:失败的情形不改状态(还停在登录页),
        这条跑完账号就是已登录,后面的首页用例正好接着跑。","0","登录-手机号密码正确则登录成功并进入首页","case.mini.rufeng","2026-10-11","broken","2026-10-11","TestRufengMiniLogin","test_rufeng_mini_login","",""
"**一个入口一条**,和小程序那边同款(那边也是 14 个入口各一条)

        ⚠️ 填的文案按入口区分,直接复用小程序那份(`common/yunze_Constant.py`)——
        同一个产品,文案只该有一处;映射表在 `page_yunze_h5.py` 的 `CREATE_PROMPTS`。
        ⚠️ **每条消耗 1 条生成配额**(用户 2026-10-09 定的:走完整链路)。","0","创作-电影推荐:填内容 → 生成 → 等出结果(每条消耗 1 条配额)","case.h5.yunze","2026-10-11","broken","2026-10-11","TestYunzeH5Create","test_yunze_h5_create","",""
"按数据摆好输入 → 点登录 → 断言:
        ① 没登进去 ② **expect 里要求的那句提示出现了**(没出现就是红 —— 产品 bug)

        「手机号为空」「密码为空」这两条 expect 是空的:如风自己也没给提示,
        没有文案可以断言,所以只断言没登进去(用户 2026-09-18 定)。","0","登录失败-手机号位数少","case.mini.zhiwei","2026-10-11","broken","2026-10-11","TestZhiweiMiniLogin","test_zhiwei_mini_login","",""
"用真账号登一次:① 验证成功路径通 ② **保证跑完这批是登录态**,
        后面的首页/技能/创作用例才有得跑(星联登出状态下生成次数是 0)。","0","登录-正确的手机号密码能登进去","case.mini.xinglian","2026-10-11","broken","2026-10-11","TestXinglianMiniLogin","test_xinglian_mini_login","",""
"","0","朋友圈文案输入关键词","case.mini.xingcan","2026-10-11","broken","2026-10-11","TestXingcanCreate","test_xingcan_create","",""
"按数据摆好输入 → 点登录 → 断言:
        ① 没登进去 ② **expect 里要求的那句提示出现了**(没出现就是红 —— 产品 bug)

        「手机号为空」「密码为空」这两条 expect 是空的:如风自己也没给提示,
        没有文案可以断言,所以只断言没登进去(用户 2026-09-18 定)。","0","登录失败-密码错误","case.mini.fengshu","2026-10-11","broken","2026-10-11","TestFengshuMiniLogin","test_fengshu_mini_login","",""
"","0","音乐创作-生成结果","case.mini.zhiwei","2026-10-11","broken","2026-10-11","TestZhiweiMusic","test_zhiwei_apps","",""
"详情页「创作」,字段 `*主题内容`","0","诗词创作输入主题内容并立即生成","case.mini.xinglian","2026-10-11","broken","2026-10-11","TestXinglianCreate","test_xinglian_create","",""
"零配额:点开海报 → 截图留证 → **点右上角 X 关掉**。
        (不能按返回键 —— 如风实测 back() 连按 3 次都回不来 ✗)

        **海报是现生成的,要等几十秒**(如风 2026-09-16 实测:点完先出「生成中」转圈浮层,
        十几秒后才出海报,只等 12s 会把已经点对的那次判成失败)。

        **等到确认海报真的开了**再往下走:不开就当场报错,别让后面那个
        ""关闭""动作去盲点坐标 —— 那个 X 和页面顶部「+」几乎重合,盲点会
        **新建会话,把当前对话搞没**(如风 2026-09-16 实测踩到)。","0","消息工具栏-生成海报","case.mini.xingcan","2026-10-11","broken","2026-10-11","TestXingcanToolbar","test_xingcan_toolbar","",""
"取消**第一条**(用户 2026-09-16 要求:只取消一条,不是清空全部)","0","我的收藏-取消一条收藏后列表条目减少","case.mini.xingcan","2026-10-11","broken","2026-10-11","TestXingcanMine","test_xingcan_mine","",""
"链路:进创作 → 日报生成器 → 输入工作内容 → 选日报类型 →
        点「立即生成」等出内容 → 截图 → 退出","0","日报生成器输入工作内容并生成","case.mini.yunze","2026-10-11","broken","2026-10-11","TestYunzeCreate","test_yunze_create","",""
"⚠️ 消耗 1 条对话配额。

        **判据是""生成真的结束了"",不是""屏幕变了""**(2026-09-16 在如风上实测踩到):
        点完重写,先冒出来的全是过程文字 —— 被重新问一遍的问题气泡、「加载中,请稍等」、
        「暂停」按钮 —— 原来那个""等 2 秒看有没有 3 条新文字""的判据当场就满足,
        于是截图拍到的是「加载中」、重写结果一个字都没进画面,用例却报绿(假绿 ✗)。

        现在分两段等:
        ① 等它**进入**生成态(20s 没进去 = 这一下点空了,单独报错,别赖生成慢);
        ② 等""生成中""字样**消失**并且回复内容确实变了。

        ⚠️ **`> 3` 这个阈值在这家量过(2026-09-29):实测增量是 4**,刚够 ——
        其中还掺着状态栏那个一直在变的网速数字,真正的内容增量其实只有 3
        (新时间戳 + 回复被 OCR 切成两行)。**余量只有 1** ✗。
        整批跑时不会出问题(会话是 `test_fengshu_chat.py` 那条书单问答,回复长、增量大),
        但**单跑时这条会话可能很短**,届时报""重写结果还没出来""先看截图:
        重写确实完成了就把阈值调到 `> 2`。
        ⚠️ 顺带实测确认:这家的重写是**追加**(不是原地替换)—— 重新问一遍、
        旧回复留在上面、下面新增一个时间戳 + 新回复。","0","消息工具栏-重写(重新生成,回复内容变了)","case.mini.fengshu","2026-10-11","broken","2026-10-11","TestFengshuToolbar","test_fengshu_toolbar","",""
"**一个入口一条**,和小程序那边同款(那边也是 14 个入口各一条)

        ⚠️ 填的文案按入口区分,直接复用小程序那份(`common/yunze_Constant.py`)——
        同一个产品,文案只该有一处;映射表在 `page_yunze_h5.py` 的 `CREATE_PROMPTS`。
        ⚠️ **每条消耗 1 条生成配额**(用户 2026-10-09 定的:走完整链路)。","0","创作-小红书文案:填内容 → 生成 → 等出结果(每条消耗 1 条配额)","case.h5.yunze","2026-10-11","broken","2026-10-11","TestYunzeH5Create","test_yunze_h5_create","",""
"「去开通」→ 会员中心 → 选【月会员 ￥45.8/1个月】→ 勾同意 → 立即支付 →
        确认办理 → 收银台(不付款)

        ⚠️ **按价签点,不按名字点**:「月会员」是「连续包月会员」的子串,
        `tap_text('月会员')` 会落到「连续包月会员」那张卡上 ✗
        (`VIP_PKG_PRICE_MONTHLY = '￥45.8'` 在这一屏是唯一的 ✓)

        **为什么要和上面那条一起跑**(照云泽的思路):同一天实测发现云泽的
        「连续包月」点「立即支付」必报「商家系统错误」,而「单月会员」能正常拉起
        —— 两条一起看,报告里才分得清是""这一个套餐开不通""还是""整条链路坏了"" ✓
        (这家有没有这个问题**还没验过**,第一批跑出来就知道)","0","个人中心-会员「去开通」选月会员(走到收银台,不付款)","case.mini.fengshu","2026-10-11","broken","2026-10-11","TestFengshuVip","test_fengshu_vip","",""
"点 AI音乐 → 校验详情页 → 输入歌曲名称/描述 → 点「立即生成」
        (会跳到创作记录页,按用户要求不等生成完成)→ 截图 → 返回列表","0","AI音乐输入歌曲名称与描述并立即生成","case.mini.yunze","2026-10-11","broken","2026-10-11","TestYunzeSkill","test_yunze_skill","",""
"","0","首页问答-发「你好」能收到回复(消耗 1 条对话配额)","case.h5.yunze","2026-10-11","broken","2026-10-11","TestYunzeH5Chat","test_yunze_h5_chat","",""
"完整链路:自动拉起微信 → 进入星联助手 → 校验大标题 + 底部 4 tab
        (失败在 assert_home 里就抛错),截图留证","0","进入小程序后首页正常展示","case.mini.xinglian","2026-10-11","broken","2026-10-11","TestXinglianHome","test_xinglian_home","",""
"详情页「创作」,字段 `*电影主题`","0","电影推荐并立即生成","case.mini.rufeng","2026-10-11","broken","2026-10-11","TestRufengMiniCreate","test_rufeng_mini_create","",""
"详情页「创作」,字段 `*菜品名称`","0","菜谱大全并立即生成","case.mini.rufeng","2026-10-11","broken","2026-10-11","TestRufengMiniCreate","test_rufeng_mini_create","",""
"用真码登进去。**优先复用上一条(验证码填错)刚发的码** —— 一轮只发一次;
        读不到才自己发一条。

        ⚠️ 每跑一次**真发一条短信**(费用算对方的),别连着刷。","0","验证码登录-获取短信验证码后登录成功","case.mini.zhiwei","2026-10-11","broken","2026-10-11","TestZhiweiMiniLogin","test_zhiwei_mini_login","",""
"用真账号登一次:① 验证成功路径通 ② **保证跑完这批是登录态**,
        后面的首页/技能/创作用例才有得跑(云泽登出状态下生成次数是 0)。","0","登录-正确的手机号密码能登进去","case.mini.yunze","2026-10-11","broken","2026-10-11","TestYunzeMiniLogin","test_yunze_mini_login","",""
"⚠️ 消耗 2 条对话配额(「继续」是否额外消耗待实测确认)","0","AI问答-两轮问答(第1轮答完点继续续写,第2轮点加号新建会话)","case.mini.xinglian","2026-10-11","broken","2026-10-11","TestXinglianChat","test_xinglian_chat","",""
"⚠️ **这条是给整批跑兜底的,别删**(2026-09-21 加)。

        上一条(test_05)验的是""未登录时点首页输入框跳登录页""——**跑完人停在登录页、
        账号是登出状态**。而整批里排在登录后面的首页/创作/技能/chat **全都需要登录态**
        (这套用例自己的注释就写着""登出状态下生成次数是 0""),不补这一条就是整批一起红 ✗。

        星云/如风天然没这个问题(它们最后一条是「快捷登录成功」)——
        云泽和星灿是""照着云泽那份抄的"",所以两家都缺(云泽 2026-09-28 也补上了)。

        ⚠️ 这里是 `if ... return` **不是 `pytest.skip`**:
        test_10(验证码登录成功)跑完**账号本来就是登录态的**,这条的活儿已经完成了
        —— 跳过是""没做"",return 是""不用做"",报告里不该记成跳过 ✓","0","收尾-把账号登回去(后面的用例都要登录态)","case.mini.xingcan","2026-10-11","broken","2026-10-11","TestXingcanMiniLogin","test_xingcan_mini_login","",""
"填好(或故意留空)→ 点登录 → 断言:
        ① 没登进去 ② **expect 里要求的那句提示出现了**(没出现就是红 —— 产品 bug)

        整批跑的时候前面那条入口用例(删最近使用 → 我的小程序 → 打开)已经把页面
        带到登录页了;单独跑这个文件时账号可能是登录态,那就自己退出来再走到登录页。

        ⚠️ 「密码错误」那条对真账号是一次真实失败尝试,一轮只跑一次。","0","登录失败-手机号位数多","case.mini.rufeng","2026-10-11","broken","2026-10-11","TestRufengMiniLogin","test_rufeng_mini_login","",""
"按数据摆好输入 → 点登录 → 断言:
        ① 没登进去 ② **expect 里要求的那句提示出现了**(没出现就是红 —— 产品 bug)

        「手机号为空」「密码为空」这两条 expect 是空的:如风自己也没给提示,
        没有文案可以断言,所以只断言没登进去(用户 2026-09-18 定)。","0","登录失败-手机号未注册","case.mini.yunze","2026-10-11","broken","2026-10-11","TestYunzeMiniLogin","test_yunze_mini_login","",""
"**一个入口一条**,和小程序那边同款(那边也是 14 个入口各一条)

        ⚠️ 填的文案按入口区分,直接复用小程序那份(`common/yunze_Constant.py`)——
        同一个产品,文案只该有一处;映射表在 `page_yuntu_h5.py` 的 `CREATE_PROMPTS`。
        ⚠️ **每条消耗 1 条生成配额**(用户 2026-10-09 定的:走完整链路)。","0","创作-英文写作助手:填内容 → 生成 → 等出结果(每条消耗 1 条配额)","case.h5.yuntu","2026-10-11","broken","2026-10-11","TestYuntuH5Create","test_yuntu_h5_create","",""
"⚠️ 判据**不能只看一种**:没登录时那行是「登录/注册」,登录后是手机号掩码 ——
        两种都算正常(这条用例不负责登录/退出,只验结构在位)。
        ⚠️ **也别用「欢迎回来」** —— 它是常驻问候语,没登录也显示(老坑)。","0","我的页-账号区在位(登录/注册 或 手机号掩码)","case.h5.yunze","2026-10-11","broken","2026-10-11","TestYunzeH5Mine","test_yunze_h5_mine","",""
"零配额:只是点收藏,不触发生成。

        **必须排在重写后面**(用户 2026-09-16 要求):重写会把这条消息重新生成一遍,
        原来那条上的收藏会被一起吞掉 —— 收藏在前时「我的收藏」页面整个是空的。

        **判据看星的颜色,不看 OCR 认没认出 `★`**(如风 2026-09-16 实测踩到):
        收藏成功后星是金色实心块,**OCR 经常整块丢掉** —— 字符串里既没 ★ 也没 ☆,
        截图里星明明是金的,用例却判红。所以不靠文字,直接数金色像素
        (`page_yunze_home.favorite_is_on`)。","0","消息工具栏-收藏(星变金色实心)","case.mini.xinglian","2026-10-11","broken","2026-10-11","TestXinglianToolbar","test_xinglian_toolbar","",""
"","0","淘宝好评输入商品名称和卖点并生成","case.mini.jingyao","2026-10-11","broken","2026-10-11","TestJingyaoCreate","test_jingyao_create","",""
"按数据摆好输入 → 点登录 → 断言:
        ① 没登进去 ② **expect 里要求的那句提示出现了**(没出现就是红 —— 产品 bug)

        「手机号为空」「密码为空」这两条 expect 是空的:如风自己也没给提示,
        没有文案可以断言,所以只断言没登进去(用户 2026-09-18 定)。","0","登录失败-手机号位数少","case.mini.xingyun","2026-10-11","broken","2026-10-11","TestXingyunMiniLogin","test_xingyun_mini_login","",""
"","0","翻译助手输入翻译内容","case.mini.xingcan","2026-10-11","broken","2026-10-11","TestXingcanCreate","test_xingcan_create","",""
"","0","翻译助手输入翻译内容并生成","case.mini.fengshu","2026-10-11","broken","2026-10-11","TestFengshuCreate","test_fengshu_create","",""
"用户 2026-09-18 讲清的快捷登录行为(第一次:删过小程序再进来的那次):
        「已阅读」**不勾** → 点「一键快捷登录」→ **登录会失败**(登不进去)✓;
        勾上之后再点 → 隐私指引点同意 → 授权 → 才登进去。

        所以这条断言的是「**不勾协议就登不进去**」✓(行为是对的,绿)。
        收尾:把可能弹出来的授权面板关掉、协议勾上 —— **登入留给下一条**(省一次退出+登录)。","0","快捷登录-不勾协议登不进去(第一次删过小程序)","case.mini.yunze","2026-10-11","broken","2026-10-11","TestYunzeMiniLogin","test_yunze_mini_login","",""
"⚠️ **这条是给整批跑兜底的,别删**(2026-09-28 补)。

        上一条(test_05)验的是""未登录时点首页输入框跳登录页""——**跑完人停在登录页、
        账号是登出状态**。而整批里排在登录后面的首页/技能/创作/vip **全都需要登录态**
        (这套用例自己的注释就写着""登出状态下生成次数是 0""),不补这一条就是整批一起红 ✗。

        ⚠️ **景曜智汇这条是「补」的,漏了 7 天**:2026-09-21 查出这个问题时,星灿和星联
        当场都补了,而星灿那条的注释里明明写着""**景曜智汇那份同样要补这一条**"" —— 当时漏做。
        结果 `-m yunze` 从登录之后整批断掉(首页 2 + 对话 1 + 技能 4 + 创作 14 + 会员 3,
        共 24 条),2026-09-28 冒烟时才查出来。**景曜智汇是另外两家的母本,母本反而漏了。**

        ⚠️ **别指望""重新拉起微信""能替代这条**:`forceAppLaunch` 重启的是**微信进程**,
        而登录态是**账号级**的(存在小程序自己的存储 / 服务端)—— 重启进程不会把人登回去。
        实测反证:登出状态下 `assert_home()` 照样能过,说明微信确实重新拉起过、页面依然是登出态。

        星云/如风天然没这个问题(它们最后一条是「快捷登录成功」),不用抄这条。

        ⚠️ 这里是 `if ... return` **不是 `pytest.skip`**:
        test_03(登录成功)跑完**账号本来就是登录态的**,这条的活儿已经完成了
        —— 跳过是""没做"",return 是""不用做"",报告里不该记成跳过 ✓","0","收尾-把账号登回去(后面的用例都要登录态)","case.mini.jingyao","2026-10-11","broken","2026-10-11","TestJingyaoMiniLogin","test_jingyao_mini_login","",""
"详情页「创作」,字段 `*写作内容`","0","英文写作输入写作内容并立即生成","case.mini.xinglian","2026-10-11","broken","2026-10-11","TestXinglianCreate","test_xinglian_create","",""
"","0","工作总结-三字段输入-生成结果","case.mini.zhiwei","2026-10-11","broken","2026-10-11","TestZhiweiSkill","test_zhiwei_skill","",""
"用真码登进去。**优先复用上一条(验证码填错)刚发的码** —— 一轮只发一次;
        读不到才自己发一条。

        ⚠️ 每跑一次**真发一条短信**(费用算对方的),别连着刷。","0","验证码登录-获取短信验证码后登录成功","case.mini.xingcan","2026-10-11","broken","2026-10-11","TestXingcanMiniLogin","test_xingcan_mini_login","",""
"","0","创作页-14 个入口都在(滚着数)","case.h5.yunze","2026-10-11","broken","2026-10-11","TestYunzeH5Create","test_yunze_h5_create","",""
"","0","淘宝好评输入商品名称和卖点","case.mini.xingcan","2026-10-11","broken","2026-10-11","TestXingcanCreate","test_xingcan_create","",""
"详情页「创作」,字段 `节日名称`(**不带星号**,2026-09-30 探针实测)。
        这个入口只有星联有(星灿那边对应位置是「单身狗导师」)","0","送女友礼物输入节日名称并立即生成","case.mini.xinglian","2026-10-11","broken","2026-10-11","TestXinglianCreate","test_xinglian_create","",""
"实测(2026-09-18 星云):点了**没有任何提示,也没有倒计时** —— 也就是没发短信 ✓
        (行为本身对:没手机号不该发码)。只断言""没出现倒计时"",不校验提示
        —— 和「手机号为空」那两条口径一致:没有文案可断言。","0","验证码登录-手机号没填就点「获取验证码」不发码","case.mini.xingcan","2026-10-11","broken","2026-10-11","TestXingcanMiniLogin","test_xingcan_mini_login","",""
"按数据摆好输入 → 点登录 → 断言:
        ① 没登进去 ② **expect 里要求的那句提示出现了**(没出现就是红 —— 产品 bug)

        「手机号为空」「密码为空」这两条 expect 是空的:如风自己也没给提示,
        没有文案可以断言,所以只断言没登进去(用户 2026-09-18 定)。","0","登录失败-手机号全非数字","case.mini.fengshu","2026-10-11","broken","2026-10-11","TestFengshuMiniLogin","test_fengshu_mini_login","",""
"零配额:点开海报 → 截图留证 → **点右上角 X 关掉**。
        (不能按返回键 —— 如风实测 back() 连按 3 次都回不来 ✗)

        **海报是现生成的,要等几十秒**(如风 2026-09-16 实测:点完先出「生成中」转圈浮层,
        十几秒后才出海报,只等 12s 会把已经点对的那次判成失败)。

        **等到确认海报真的开了**再往下走:不开就当场报错,别让后面那个
        ""关闭""动作去盲点坐标 —— 那个 X 和页面顶部「+」几乎重合,盲点会
        **新建会话,把当前对话搞没**(如风 2026-09-16 实测踩到)。","0","消息工具栏-生成海报","case.mini.yunze","2026-10-11","broken","2026-10-11","TestYunzeToolbar","test_yunze_toolbar","",""
"用户 2026-09-18 讲清的快捷登录行为(第一次:删过小程序再进来的那次):
        「已阅读」**不勾** → 点「一键快捷登录」→ **登录会失败**(登不进去)✓;
        勾上之后再点 → 隐私指引点同意 → 授权 → 才登进去。

        所以这条断言的是「**不勾协议就登不进去**」✓(行为是对的,绿)。
        收尾:把可能弹出来的授权面板关掉、协议勾上 —— **登入留给下一条**(省一次退出+登录)。","0","快捷登录-不勾协议登不进去(第一次删过小程序)","case.mini.xinglian","2026-10-11","broken","2026-10-11","TestXinglianMiniLogin","test_xinglian_mini_login","",""
"详情页「创作」,字段 `*产品要求`","0","广告文案并立即生成","case.mini.rufeng","2026-10-11","broken","2026-10-11","TestRufengMiniCreate","test_rufeng_mini_create","",""
"完整链路:自动拉起 APP → 等「创作」tab 出现 → 点击 →
        校验进入创作页(失败在 click_creation 里就抛错),截图留证","0","启动后进入创作页","case.app.rufeng","2026-10-11","broken","2026-10-11","TestRufengCreate","test_rufeng_create","",""
"","0","我的页-菜单项齐(要滚着数)","case.h5.yuntu","2026-10-11","broken","2026-10-11","TestYuntuH5Mine","test_yuntu_h5_mine","",""
"按数据摆好输入 → 点登录 → 断言:
        ① 没登进去 ② **expect 里要求的那句提示出现了**(没出现就是红 —— 产品 bug)

        「手机号为空」「密码为空」这两条 expect 是空的:如风自己也没给提示,
        没有文案可以断言,所以只断言没登进去(用户 2026-09-18 定)。","0","登录失败-手机号未注册","case.mini.xingyun","2026-10-11","broken","2026-10-11","TestXingyunMiniLogin","test_xingyun_mini_login","",""
"按数据摆好输入 → 点登录 → 断言:
        ① 没登进去 ② **expect 里要求的那句提示出现了**(没出现就是红 —— 产品 bug)

        「手机号为空」「密码为空」这两条 expect 是空的:如风自己也没给提示,
        没有文案可以断言,所以只断言没登进去(用户 2026-09-18 定)。","0","登录失败-手机号位数少","case.mini.xinglian","2026-10-11","broken","2026-10-11","TestXinglianMiniLogin","test_xinglian_mini_login","",""
"这条是后面 9 条的前提:① 已登录就先退出 ② 走到登录页(走「我的 → 登录/注册」;
        星联**不会自动跳登录页** —— 用户 2026-09-18 亲口说明,实测也确认了)。
        失败的话后面全部跳过,不会连锁报一堆假失败。

        **已经在登录页就什么都不做**:整批跑的时候前面那条入口用例(删最近使用 →
        重进 → 我的 → 登录页)已经把我们带到登录页了,这里再""退出登录 + 导航""一遍
        反而会切走页面、白花时间。","0","登录页-先把账号退出来并走到登录页","case.mini.xinglian","2026-10-11","broken","2026-10-11","TestXinglianMiniLogin","test_xinglian_mini_login","",""
"**一个入口一条**,和小程序那边同款(那边也是 14 个入口各一条)

        ⚠️ 填的文案按入口区分,直接复用小程序那份(`common/yunze_Constant.py`)——
        同一个产品,文案只该有一处;映射表在 `page_yunze_h5.py` 的 `CREATE_PROMPTS`。
        ⚠️ **每条消耗 1 条生成配额**(用户 2026-10-09 定的:走完整链路)。","0","创作-外卖好评:填内容 → 生成 → 等出结果(每条消耗 1 条配额)","case.h5.yunze","2026-10-11","broken","2026-10-11","TestYunzeH5Create","test_yunze_h5_create","",""
"按数据摆好输入 → 点登录 → **只断言""没登进去""**

        ⚠️ **提示文案不断言**(用户 2026-09-24 定):""不用去分别对不对,只要错误的
        没登进去,然后具体的提示词我去报告里自己看就行"" —— 抓到的文字原样 attach 进
        报告,人工核对。**和小程序那套(""该给的提示没给 = 红"")口径不同,是有意为之。**
        好处:产品文案怎么改都不会造成假红 ✓ 而且提示是不是该给,看报告一眼就知道。

        H5 的提示是 uni-app 的 toast,和页面一样进无障碍树 —— 但只活约 1 秒,
        所以**点完立刻截图 + 读一次当前文字**,不去连拍。","0","登录失败-密码错误","case.h5.yunze","2026-10-11","broken","2026-10-11","TestYunzeH5Login","test_yunze_h5_login","",""
"","0","广告文案-生成结果","case.mini.zhiwei","2026-10-11","broken","2026-10-11","TestZhiweiSkill","test_zhiwei_skill","",""
"按数据摆好输入 → 点登录 → **只断言""没登进去""**

        ⚠️ **提示文案不断言**(用户 2026-09-24 定):""不用去分别对不对,只要错误的
        没登进去,然后具体的提示词我去报告里自己看就行"" —— 抓到的文字原样 attach 进
        报告,人工核对。**和小程序那套(""该给的提示没给 = 红"")口径不同,是有意为之。**
        好处:产品文案怎么改都不会造成假红 ✓ 而且提示是不是该给,看报告一眼就知道。

        H5 的提示是 uni-app 的 toast,和页面一样进无障碍树 —— 但只活约 1 秒,
        所以**点完立刻截图 + 读一次当前文字**,不去连拍。","0","登录失败-手机号全非数字","case.h5.yunze","2026-10-11","broken","2026-10-11","TestYunzeH5Login","test_yunze_h5_login","",""
"用真账号登一次:① 验证成功路径通 ② **保证跑完这批是登录态**,
        后面的首页/技能/创作用例才有得跑(知微登出状态下剩余次数是 0)。","0","登录-正确的手机号密码能登进去","case.mini.zhiwei","2026-10-11","broken","2026-10-11","TestZhiweiMiniLogin","test_zhiwei_mini_login","",""
"零配额:点开海报 → 截图留证 → **点右上角 X 关掉**。
        (不能按返回键 —— 如风实测 back() 连按 3 次都回不来 ✗)

        **海报是现生成的,要等几十秒**(如风 2026-09-16 实测:点完先出「生成中」转圈浮层,
        十几秒后才出海报,只等 12s 会把已经点对的那次判成失败)。

        **等到确认海报真的开了**再往下走:不开就当场报错,别让后面那个
        ""关闭""动作去盲点坐标 —— 那个 X 和页面顶部「+」几乎重合,盲点会
        **新建会话,把当前对话搞没**(如风 2026-09-16 实测踩到)。","0","消息工具栏-生成海报","case.mini.xingyun","2026-10-11","broken","2026-10-11","TestXingyunToolbar","test_xingyun_toolbar","",""
"按数据摆好输入 → 点登录 → 断言:
        ① 没登进去 ② **expect 里要求的那句提示出现了**(没出现就是红 —— 产品 bug)

        「手机号为空」「密码为空」这两条 expect 是空的:如风自己也没给提示,
        没有文案可以断言,所以只断言没登进去(用户 2026-09-18 定)。","0","登录失败-手机号含字母","case.mini.xinglian","2026-10-11","broken","2026-10-11","TestXinglianMiniLogin","test_xinglian_mini_login","",""
"上一条刚退出登录,这条点首页的输入框 —— 用户 2026-09-17 说明的产品行为:
        **未登录时点输入框不会聚焦输入,而是整页跳到登录页**。

        ⚠️ 星云退出后**直接就在登录页**上(见上一条),那就没有""登出状态的首页""可点
        —— 这条跳过(不是失败)。","0","未登录时点首页输入框会直接跳到登录页","case.mini.yunze","2026-10-11","broken","2026-10-11","TestYunzeMiniLogin","test_yunze_mini_login","",""
"按数据摆好输入 → 点登录 → 断言:
        ① 没登进去 ② **expect 里要求的那句提示出现了**(没出现就是红 —— 产品 bug)

        「手机号为空」「密码为空」这两条 expect 是空的:如风自己也没给提示,
        没有文案可以断言,所以只断言没登进去(用户 2026-09-18 定)。","0","登录失败-手机号含字母","case.mini.zhiwei","2026-10-11","broken","2026-10-11","TestZhiweiMiniLogin","test_zhiwei_mini_login","",""
"实测(2026-09-18 星云):点了**没有任何提示,也没有倒计时** —— 也就是没发短信 ✓
        (行为本身对:没手机号不该发码)。只断言""没出现倒计时"",不校验提示
        —— 和「手机号为空」那两条口径一致:没有文案可断言。","0","验证码登录-手机号没填就点「获取验证码」不发码","case.mini.fengshu","2026-10-11","broken","2026-10-11","TestFengshuMiniLogin","test_fengshu_mini_login","",""
"取消**第一条**(用户要求只取消一条,不是清空全部)","0","我的收藏-取消一条收藏后列表条目减少","case.mini.rufeng","2026-10-11","broken","2026-10-11","TestRufengMiniMine","test_rufeng_mini_mine","",""
"「去开通」→ 会员中心 → 选【单月会员 ￥69.8/个月】→ 勾同意 → 立即支付 →
        确认办理 → 收银台(不付款)","0","我的-会员「去开通」选单月会员(走到收银台,不付款)","case.mini.xingcan","2026-10-11","broken","2026-10-11","TestXingcanVip","test_xingcan_vip","",""
"点底部「技能」tab → 校验 SKILL_NAMES 里的 3 个入口都在 → 截图留证。
        **不消耗配额**","0","技能tab展示AI入口","case.mini.xinglian","2026-10-11","broken","2026-10-11","TestXinglianSkill","test_xinglian_skill","",""
"底部 tab 是导航的正路(百度这边它们在无障碍树里;Chrome 那边读不到)","0","首页-底部 4 个 tab 都在,且点得动","case.h5.yuntu","2026-10-11","broken","2026-10-11","TestYuntuH5Home","test_yuntu_h5_home","",""
"用户 2026-09-18 讲清的快捷登录行为(第一次:删过小程序再进来的那次):
        「已阅读」**不勾** → 点「一键快捷登录」→ **登录会失败**(登不进去)✓;
        勾上之后再点 → 隐私指引点同意 → 授权 → 才登进去。

        所以这条断言的是「**不勾协议就登不进去**」✓(行为是对的,绿)。
        收尾:把可能弹出来的授权面板关掉、协议勾上 —— **登入留给下一条**(省一次退出+登录)。","0","快捷登录-不勾协议登不进去(第一次删过小程序)","case.mini.zhiwei","2026-10-11","broken","2026-10-11","TestZhiweiMiniLogin","test_zhiwei_mini_login","",""
"按数据摆好输入 → 点登录 → **只断言""没登进去""**

        ⚠️ **提示文案不断言**(用户 2026-09-24 定):""不用去分别对不对,只要错误的
        没登进去,然后具体的提示词我去报告里自己看就行"" —— 抓到的文字原样 attach 进
        报告,人工核对。**和小程序那套(""该给的提示没给 = 红"")口径不同,是有意为之。**
        好处:产品文案怎么改都不会造成假红 ✓ 而且提示是不是该给,看报告一眼就知道。

        H5 的提示是 uni-app 的 toast,和页面一样进无障碍树 —— 但只活约 1 秒,
        所以**点完立刻截图 + 读一次当前文字**,不去连拍。","0","登录失败-手机号为空","case.h5.yunze","2026-10-11","broken","2026-10-11","TestYunzeH5Login","test_yunze_h5_login","",""
"按数据摆好输入 → 点登录 → 断言:
        ① 没登进去 ② **expect 里要求的那句提示出现了**(没出现就是红 —— 产品 bug)

        「手机号为空」「密码为空」这两条 expect 是空的:如风自己也没给提示,
        没有文案可以断言,所以只断言没登进去(用户 2026-09-18 定)。","0","登录失败-密码为空","case.mini.zhiwei","2026-10-11","broken","2026-10-11","TestZhiweiMiniLogin","test_zhiwei_mini_login","",""
"","0","个性签名-生成结果","case.mini.zhiwei","2026-10-11","broken","2026-10-11","TestZhiweiSkill","test_zhiwei_skill","",""
"填好(或故意留空)→ 点登录 → 断言:
        ① 没登进去 ② **expect 里要求的那句提示出现了**(没出现就是红 —— 产品 bug)

        整批跑的时候前面那条入口用例(删最近使用 → 我的小程序 → 打开)已经把页面
        带到登录页了;单独跑这个文件时账号可能是登录态,那就自己退出来再走到登录页。

        ⚠️ 「密码错误」那条对真账号是一次真实失败尝试,一轮只跑一次。","0","登录失败-手机号未注册","case.mini.rufeng","2026-10-11","broken","2026-10-11","TestRufengMiniLogin","test_rufeng_mini_login","",""
"实测(2026-09-18):填「0000」点登录 → **「验证码错误！」**(还跟着「请稍后...」)✓

        ⚠️ 这条会**发一条短信**:要先有一个""已发码""的上下文,服务端才走""码错""这条分支。
        填 0000 撞上真码的概率是万分之一,可忽略。","0","验证码登录-验证码填错提示「验证码错误！」","case.mini.rufeng","2026-10-11","broken","2026-10-11","TestRufengMiniLogin","test_rufeng_mini_login","",""
"⚠️ 消耗 1 条对话配额。

        **判据是""生成真的结束了"",不是""屏幕变了""**(2026-09-16 在如风上实测踩到):
        点完重写,先冒出来的全是过程文字 —— 被重新问一遍的问题气泡、「加载中,请稍等」、
        「暂停」按钮 —— 原来那个""等 2 秒看有没有 3 条新文字""的判据当场就满足,
        于是截图拍到的是「加载中」、重写结果一个字都没进画面,用例却报绿(假绿 ✗)。

        现在分两段等:
        ① 等它**进入**生成态(20s 没进去 = 这一下点空了,单独报错,别赖生成慢);
        ② 等""生成中""字样**消失**并且回复内容确实变了。

        ⚠️ **`> 3` 这个阈值是如风调出来的,云泽 2026-09-28 实测也适用**(云泽的重写
        同样**不是原地替换**:把问题重新问一遍,旧回复留在上面,下面新增一个提问气泡
        + 新回复,所以""新冒出来的文字条数""是个好信号)。
        **星联助手 2026-09-28 也验过了,阈值同样成立 ✓**(那条跑了 11.9s:
        进生成态 6.9s + 等结束 4.3s)。真要是报""重写结果还没出来"",先看截图:
        重写只要确实完成了,就把阈值调小。","0","消息工具栏-重写(重新生成,回复内容变了)","case.mini.xinglian","2026-10-11","broken","2026-10-11","TestXinglianToolbar","test_xinglian_toolbar","",""
"","0","广告文案输入产品要求并生成","case.mini.jingyao","2026-10-11","broken","2026-10-11","TestJingyaoCreate","test_jingyao_create","",""
"按数据摆好输入 → 点登录 → 断言:
        ① 没登进去 ② **expect 里要求的那句提示出现了**(没出现就是红 —— 产品 bug)

        「手机号为空」「密码为空」这两条 expect 是空的:如风自己也没给提示,
        没有文案可以断言,所以只断言没登进去(用户 2026-09-18 定)。","0","登录失败-手机号为空","case.mini.yunze","2026-10-11","broken","2026-10-11","TestYunzeMiniLogin","test_yunze_mini_login","",""
"**一个入口一条**,和小程序那边同款(那边也是 14 个入口各一条)

        ⚠️ 填的文案按入口区分,直接复用小程序那份(`common/yunze_Constant.py`)——
        同一个产品,文案只该有一处;映射表在 `page_yuntu_h5.py` 的 `CREATE_PROMPTS`。
        ⚠️ **每条消耗 1 条生成配额**(用户 2026-10-09 定的:走完整链路)。","0","创作-写作文:填内容 → 生成 → 等出结果(每条消耗 1 条配额)","case.h5.yuntu","2026-10-11","broken","2026-10-11","TestYuntuH5Create","test_yuntu_h5_create","",""
"","0","短视频脚本输入视频主题并生成","case.mini.fengshu","2026-10-11","broken","2026-10-11","TestFengshuCreate","test_fengshu_create","",""
"","0","电影推荐输入电影主题并生成","case.mini.yunze","2026-10-11","broken","2026-10-11","TestYunzeCreate","test_yunze_create","",""
"**一个入口一条**,和小程序那边同款(那边也是 14 个入口各一条)

        ⚠️ 填的文案按入口区分,直接复用小程序那份(`common/yunze_Constant.py`)——
        同一个产品,文案只该有一处;映射表在 `page_yuntu_h5.py` 的 `CREATE_PROMPTS`。
        ⚠️ **每条消耗 1 条生成配额**(用户 2026-10-09 定的:走完整链路)。","0","创作-外卖好评:填内容 → 生成 → 等出结果(每条消耗 1 条配额)","case.h5.yuntu","2026-10-11","broken","2026-10-11","TestYuntuH5Create","test_yuntu_h5_create","",""
"① 到微信的「小程序」面板 → ② 最近使用 → ③ 长按删除云泽
        → ④ 断言它从列表消失 → ⑤ 返回面板 → ⑥ 我的小程序 → 进入
        → ⑦ 走「我的 → 登录/注册」到登录页并断言(云泽**不会自动跳登录页**)。","0","入口-最近使用里删除后仍可从我的小程序进入,并走「我的」到登录页","case.mini.yunze","2026-10-11","broken","2026-10-11","TestYunzeMiniEntry","test_yunze_mini_entry","",""
"点「AI绘画」→ 详情页「AI绘画」→ 填 `*描述词` → 立即生成 → 截图 → 返回","0","AI绘画输入描述词并立即生成","case.mini.xingyun","2026-10-11","broken","2026-10-11","TestXingyunSkill","test_xingyun_skill","",""
"详情页「创作」,字段 `*关键词`","0","朋友圈文案输入关键词并立即生成","case.mini.xinglian","2026-10-11","broken","2026-10-11","TestXinglianCreate","test_xinglian_create","",""
"**一个入口一条**,和小程序那边同款(那边也是 14 个入口各一条)

        ⚠️ 填的文案按入口区分,直接复用小程序那份(`common/yunze_Constant.py`)——
        同一个产品,文案只该有一处;映射表在 `page_yunze_h5.py` 的 `CREATE_PROMPTS`。
        ⚠️ **每条消耗 1 条生成配额**(用户 2026-10-09 定的:走完整链路)。","0","创作-淘宝好评:填内容 → 生成 → 等出结果(每条消耗 1 条配额)","case.h5.yunze","2026-10-11","broken","2026-10-11","TestYunzeH5Create","test_yunze_h5_create","",""
"取消**第一条**(用户 2026-09-16 要求:只取消一条,不是清空全部)","0","我的收藏-取消一条收藏后列表条目减少","case.mini.xinglian","2026-10-11","broken","2026-10-11","TestXinglianMine","test_xinglian_mine","",""
"详情页「创作」,字段 `*商品名称和卖点`","0","淘宝好评商品名称和卖点并立即查询","case.mini.xingyun","2026-10-11","broken","2026-10-11","TestXingyunCreate","test_xingyun_create","",""
"","0","英文写作助手-生成结果","case.mini.zhiwei","2026-10-11","broken","2026-10-11","TestZhiweiSkill","test_zhiwei_skill","",""
"「去开通」→ 会员中心 → 选【单月会员 ￥45.8/个月】→ 勾同意 → 立即支付 →
        确认办理 → 收银台(不付款)","0","我的-会员「去开通」选单月会员(走到收银台,不付款)","case.mini.xingyun","2026-10-11","broken","2026-10-11","TestXingyunVip","test_xingyun_vip","",""
"完整链路:自动拉起微信 → 进入星云智点 → 校验大标题 + 底部 4 tab
        (失败在 assert_home 里就抛错),截图留证","0","进入小程序后首页正常展示","case.mini.xingyun","2026-10-11","broken","2026-10-11","TestXingyunHome","test_xingyun_home","",""
"这条是后面 9 条的前提:① 已登录就先退出 ② 走到登录页(走「我的 → 登录/注册」;
        风数秒问**不会自动跳登录页** —— 用户 2026-09-18 亲口说明,实测也确认了)。
        失败的话后面全部跳过,不会连锁报一堆假失败。

        **已经在登录页就什么都不做**:整批跑的时候前面那条入口用例(删最近使用 →
        重进 → 我的 → 登录页)已经把我们带到登录页了,这里再""退出登录 + 导航""一遍
        反而会切走页面、白花时间。","0","登录页-先把账号退出来并走到登录页","case.mini.fengshu","2026-10-11","broken","2026-10-11","TestFengshuMiniLogin","test_fengshu_mini_login","",""
"完整链路:点输入框 → 注入提示词 → 点发送 → 断言消息上屏,截图留证。
        ⚠️ 这家的输入栏图标/位置还没单独标定过(继承的是云泽那套按边距反推的),
        跑不通就得重新标 —— 失败截图会留下来。","0","首页输入提示词点击发送","case.mini.xingyun","2026-10-11","broken","2026-10-11","TestXingyunHome","test_xingyun_home","",""
"上一条刚登录成功,这条把账号退出来。

        ⚠️ **各家退出来落在哪不一样**(2026-09-18 实测):
        如风/星灿退回**首页**;星云智点**直接落在登录页** —— 所以断言只看
        ""没登录态了""这个共同点,不假设停在哪一页。","0","退出登录-退出后「我的」页变成登出态","case.mini.xingcan","2026-10-11","broken","2026-10-11","TestXingcanMiniLogin","test_xingcan_mini_login","",""
"按数据摆好输入 → 点登录 → 断言:
        ① 没登进去 ② **expect 里要求的那句提示出现了**(没出现就是红 —— 产品 bug)

        「手机号为空」「密码为空」这两条 expect 是空的:如风自己也没给提示,
        没有文案可以断言,所以只断言没登进去(用户 2026-09-18 定)。","0","登录失败-手机号含字母","case.mini.yunze","2026-10-11","broken","2026-10-11","TestYunzeMiniLogin","test_yunze_mini_login","",""
"按数据摆好输入 → 点登录 → 断言:
        ① 没登进去 ② **expect 里要求的那句提示出现了**(没出现就是红 —— 产品 bug)

        「手机号为空」「密码为空」这两条 expect 是空的:如风自己也没给提示,
        没有文案可以断言,所以只断言没登进去(用户 2026-09-18 定)。","0","登录失败-手机号未注册","case.mini.xinglian","2026-10-11","broken","2026-10-11","TestXinglianMiniLogin","test_xinglian_mini_login","",""
"用真账号登一次:① 验证成功路径通 ② **保证跑完这批是登录态**,
        后面的首页/技能/创作用例才有得跑(云泽登出状态下生成次数是 0)。","0","登录-正确的手机号密码能登进去","case.mini.xingyun","2026-10-11","broken","2026-10-11","TestXingyunMiniLogin","test_xingyun_mini_login","",""
"详情页「创作」,字段 `*地点`;另有**选项字段** `*语言输出`(中文/英语/
        韩语/泰语),用 taps 点掉其中的「中文」","0","旅游计划输入地点并选语言后立即生成","case.mini.xinglian","2026-10-11","broken","2026-10-11","TestXinglianCreate","test_xinglian_create","",""
"按数据摆好输入 → 点登录 → 断言:
        ① 没登进去 ② **expect 里要求的那句提示出现了**(没出现就是红 —— 产品 bug)

        「手机号为空」「密码为空」这两条 expect 是空的:如风自己也没给提示,
        没有文案可以断言,所以只断言没登进去(用户 2026-09-18 定)。","0","登录失败-手机号含字母","case.mini.jingyao","2026-10-11","broken","2026-10-11","TestJingyaoMiniLogin","test_jingyao_mini_login","",""
"⚠️ 这个页面有**两段**:`*工作内容` 是输入框,`*生成类型` 是**选项行**
        (日报 / 周报 / 月报,实测 2026-09-29)。

        **不能用共享的 `create_daily_report`** —— 那个方法里把入口名硬编码成
        云泽的「日报生成器」了,这家叫**「日报助手」** ✗。用 `create_entry`
        的 `taps` 参数点选项行(`taps` 排在 shot_name 后面,别传错位置)。
        点「日报」用的是 `tap_text(pick_bottom=True)`:页面上「日报助手」标题里
        也含「日报」,取最下面那个才是选项行里的 ✓","0","日报助手输入工作内容并生成","case.mini.fengshu","2026-10-11","broken","2026-10-11","TestFengshuCreate","test_fengshu_create","",""
"","0","小红书文案输入简要描述并生成","case.mini.fengshu","2026-10-11","broken","2026-10-11","TestFengshuCreate","test_fengshu_create","",""
"我的 → 点「去开通」→ 勾选用户支付协议 → 立即支付 → 确认办理
        → 拉起微信支付界面(截图即返回,不付款)","0","开通会员-走到支付收银台","case.mini.zhiwei","2026-10-11","broken","2026-10-11","TestZhiweiVip","test_zhiwei_vip","",""
"按数据摆好输入 → 点登录 → 断言:
        ① 没登进去 ② **expect 里要求的那句提示出现了**(没出现就是红 —— 产品 bug)

        「手机号为空」「密码为空」这两条 expect 是空的:如风自己也没给提示,
        没有文案可以断言,所以只断言没登进去(用户 2026-09-18 定)。","0","登录失败-密码为空","case.mini.yunze","2026-10-11","broken","2026-10-11","TestYunzeMiniLogin","test_yunze_mini_login","",""
"零配额:只是点收藏,不触发生成。

        **必须排在重写后面**(用户 2026-09-16 要求):重写会把这条消息重新生成一遍,
        原来那条上的收藏会被一起吞掉 —— 收藏在前时「我的收藏」页面整个是空的,
        连带 `test_rufeng_mini_mine` 那条因为没有收藏可取消而跳过 ✗。

        **判据看星的颜色,不看 OCR 认没认出 `★`**:收藏成功后星是金色实心块,
        **OCR 经常整块丢掉** —— 字符串里既没 ★ 也没 ☆,截图里星明明是金的,
        用例却判红。所以不靠文字,直接数金色像素(page_yunze_home.favorite_is_on)。","0","消息工具栏-收藏(星变金色实心)","case.mini.rufeng","2026-10-11","broken","2026-10-11","TestRufengMiniToolbar","test_rufeng_mini_toolbar","",""
"点「AI音乐」→ 详情页标题「**音乐创作**」→ 填 `*歌曲名称` + `*歌曲描述`
        (**两个字段**,按页面上从上到下的顺序填)→ 点「立即生成」跳记录页。

        ⚠️ 这页 `*歌曲名称` 输入框里有预置示例「大雨倾盆」(占位符),
        `fill_field` 注入会把它顶掉,不用先清空。
        ⚠️ 页面上印着「内容生成预计需要几分钟」—— **三条里最慢的一条**
        (但用例**不等生成完成**,所以只是任务慢、用例不慢)。","0","AI音乐输入歌曲名称与描述并立即生成","case.mini.jingyao","2026-10-11","broken","2026-10-11","TestJingyaoSkill","test_jingyao_skill","",""
"","0","写作文-生成结果","case.mini.zhiwei","2026-10-11","broken","2026-10-11","TestZhiweiSkill","test_zhiwei_skill","",""
"接着上一条的状态(还在快捷模式、协议已勾)→ 点「一键快捷登录」→
        (第一次弹隐私指引,点同意)→ 微信「获取手机号」面板 → **点手机号卡片 = 允许**
        → 进首页。

        ⚠️ 那个面板上**没有「允许」按钮**,点手机号卡片才是允许;下面那个是「不允许」。
        ⚠️ 面板**只有""小程序被删过、重进""的第一次才弹** —— 整批第一步就是删小程序 ✓","0","快捷登录-微信一键登录(点手机号卡片授权)","case.mini.xinglian","2026-10-11","broken","2026-10-11","TestXinglianMiniLogin","test_xinglian_mini_login","",""
"详情页「创作」,字段 `*电影主题`","0","电影推荐输入电影主题并立即生成","case.mini.xinglian","2026-10-11","broken","2026-10-11","TestXinglianCreate","test_xinglian_create","",""
"详情页「创作」,字段 `*菜品名称`","0","菜谱大全菜品名称并立即查询","case.mini.xingyun","2026-10-11","broken","2026-10-11","TestXingyunCreate","test_xingyun_create","",""
"按数据摆好输入 → 点登录 → 断言:
        ① 没登进去 ② **expect 里要求的那句提示出现了**(没出现就是红 —— 产品 bug)

        「手机号为空」「密码为空」这两条 expect 是空的:如风自己也没给提示,
        没有文案可以断言,所以只断言没登进去(用户 2026-09-18 定)。","0","登录失败-手机号位数多","case.mini.jingyao","2026-10-11","broken","2026-10-11","TestJingyaoMiniLogin","test_jingyao_mini_login","",""
"零配额:点开海报 → 截图留证 → **点右上角 X 关掉**。
        (不能按返回键 —— 如风实测 back() 连按 3 次都回不来 ✗)

        **海报是现生成的,要等几十秒**(如风 2026-09-16 实测:点完先出「生成中」转圈浮层,
        十几秒后才出海报,只等 12s 会把已经点对的那次判成失败)。

        **等到确认海报真的开了**再往下走:不开就当场报错,别让后面那个
        ""关闭""动作去盲点坐标 —— 那个 X 和页面顶部「+」几乎重合,盲点会
        **新建会话,把当前对话搞没**(如风 2026-09-16 实测踩到)。

        ⚠️ 这家的关闭点**不用覆盖**:实测那个 X 在 (1245,552),共享默认
        `POSTER_CLOSE_XY=(1235,552)` 差 10px,而圆直径约 88px —— 实测点默认值
        **一次就关掉了** ✓(2026-09-29)。

        ⚠️ **但""海报开没开""的判据要覆盖**(第一次跑就是红在这):
        共享判据认海报底部那颗「保存图片到相册」,而**这家海报能滚动** ——
        回复一长(书单那种)二维码和按钮全被挤到屏幕下面 ✗,海报明明开着却判不出来。
        已经在 `PageFengshu.poster_open` 里改成""再认一个不看滚动的:卡片抬头行""。","0","消息工具栏-生成海报","case.mini.fengshu","2026-10-11","broken","2026-10-11","TestFengshuToolbar","test_fengshu_toolbar","",""
"按数据摆好输入 → 点登录 → 断言:
        ① 没登进去 ② **expect 里要求的那句提示出现了**(没出现就是红 —— 产品 bug)

        「手机号为空」「密码为空」这两条 expect 是空的:如风自己也没给提示,
        没有文案可以断言,所以只断言没登进去(用户 2026-09-18 定)。","0","登录失败-手机号未注册","case.mini.xingcan","2026-10-11","broken","2026-10-11","TestXingcanMiniLogin","test_xingcan_mini_login","",""
"详情页「创作」,字段 `*岗位名称`/`*工作成果简述`","1","工作总结输入岗位名称与成果并立即生成","case.mini.xinglian","2026-10-11","broken","2026-10-11","TestXinglianCreate","test_xinglian_create","",""
"按数据摆好输入 → 点登录 → 断言:
        ① 没登进去 ② **expect 里要求的那句提示出现了**(没出现就是红 —— 产品 bug)

        「手机号为空」「密码为空」这两条 expect 是空的:如风自己也没给提示,
        没有文案可以断言,所以只断言没登进去(用户 2026-09-18 定)。","0","登录失败-未勾协议","case.mini.fengshu","2026-10-11","broken","2026-10-11","TestFengshuMiniLogin","test_fengshu_mini_login","",""
"「去开通」那条路:会员中心 → 选【连续包月 ￥29.80/个月】→ 勾同意 →
        立即支付 → 确认办理 → 收银台(不付款)

        和 test_03 是同一条支付链路、不同入口不同套餐(2026-09-16 用户要求)。","0","我的-会员「去开通」选连续包月(走到收银台,不付款)","case.mini.rufeng","2026-10-11","broken","2026-10-11","TestRufengMiniVip","test_rufeng_mini_vip","",""
